"AGCAGCCGCGGTAATACGTAGGGTGCAAGCGTTAATCGGAATTACTGGGCGTAAAGCGTGCGCAGGCGGTTCTGTAAGACAGATGTGAAATCCCCGGGCTCAACCTGGGAATTGCATTTGTGACTGCAGGACTAGAGTTCATCAGAGGGGGGTGGAATTCCAAGTGTAGCAGTGAAATGCGTAGATATTTGGAAGAACACCAATGGCGAAGGCAGCCCCCTGGGATGCGACTGACGCTCA","AGCAGCCGCGGTAATACGGAGGGTGCAAGCGTTAATCGGAATCACTGGGCGTAAAGCGCACGTAGGCTGTTATGTAAGTCAGGGGTGAAATCCCACGGCTCAACCGTGGAACTGCCCTTGATACTGCACGACTTGAATCCGGGAGAGGGTGGCGGAATTCCAGGTGTAGGAGTGAAATCCGTAGATATCTGGAGGAACATCAGTGGCGAAGGCGGCCACCTGGACCGGTATTGACGCTGA","AGCAGCCGCGGTAATACGGAGGGTGCAAGCGTTAATCGGAATCACTGGGCGTAAAGCGCACGTAGGCGGCTTGGTAAGTCAGGGGTGAAATCCCACAGCCCAACTGTGGAACTGCCTTTGATACTGCCAGGCTTGAGTACCGGAGAGGGTGGCGGAATTCCAGGTGTAGGAGTGAAATCCGTAGATATCTGGAGGAACACCGGTGGCGAAGGCGGCCACCTGGACGGTAACTGACGCTGA","AGCAGCCGCGGTAATACGGAAGGTCCAGGCGTTATCCGGATTTATTGGGTTTAAAGGGAGCGTAGGCCGCCCCTTAAGCGTGTTGTGAAATGCCGCGGCTCAACCGTGGCACTGCAGCGCGAACTGGGGGGCTTGAGTGCACGCAACGCAGGCGGAATTCGTGGTGTAGCGGTGAAATGCTTAGATATCACGAAGAACTCCGATTGCGAAGGCAGCTTGCGGGAGTGCGACTGACGCTGA","AGCAGCCGCGGTAATACGGAAGGTCCGGGCGTTATCCGGATTTATTGGGTTTAAAGGGAGCGCAGGCGGACCTTTAAGTCAGCTGTGAAATACGGCGGCTCAACCGTCGAACTGCAGTTGATACTGGAGGTCTTGAGTGCACACAGGGATGCTGGAATTCATGGTGTAGCGGTGAAATGCTCAGATATCATGAAGAACTCCGATCGCGAAGGCAGGCATCCGGGGTGCAACTGACGCTGA","AGCAGCCGCGGTAATACGGAGGATGCGAGCGTTATCCGGATTTATTGGGTTTAAAGGGAGCGCAGACGGGACTTTAAGTCAGCTGTGAAATTTTCCGGCTCAACCGGGAAACTGCAGTTGATACTGGCGTCCTTGAGTACGGTCGAGGCAGGCGGAATTCGTGGTGTAGCGGTGAAATGCTTAGATATCACGAAGAACCCCGATTGCGAAGGCAGCCTGCCAGACCGCAACTGACGTTCA","AGCAGCCGCGGTAATACGGAGGATCCGAGCGTTATCCGGATTTATTGGGTTTAAAGGGAGCGTAGGTGGATTGTTAAGTCAGTTGTGAAAGTTTGCGGCTCAACCGTAAAATTGCAGTTGAAACTGGCAGTCTTGAGTACAGTAGAGGTGGGCGGAATTCGTGGTGTAGCGGTGAAATGCTTAGATATCACGAAGAACTCCGATTGCGAAGGCAGCTCACTAGACTGTCACTGACACTGA","AGCAGCCGCGGTAATACGGAGGATCCGAGCGTTATCCGGATTTATTGGGTTTAAAGGGAGCGTAGGCGGGTTGTTAAGTCAGTTGTGAAAGTTTGCGGCTCAACCGTAAAATTGCAGTTGATACTGGCGACCTTGAGTGCAACAGAGGTAGGCGGAATTCGTGGTGTAGCGGTGAAATGCTTAGATATCACGAAGAACTCCGATTGCGAAGGCAGCTTACTGGATTGTAACTGACGCTGA","AGCAGCCGCGGTAATACGGAGGATCCGAGCGTTATCCGGATTTATTGGGTTTAAAGGGTGCGTAGGCGGCCTTTTAAGTCAGCGGTGAAAGTCTGTGGCTCAACCATAGAATTGCCGTTGAAACTGGGGGGCTTGAGTATGTTTGAGGCAGGCGGAATGCGTGGTGTAGCGGTGAAATGCTTAGATATCACGCAGAACCCCGATTGCGAAGGCAGCCTGCCAAGCCATGACTGACGCTGA","AGCAGCCGCGGTAATACGGAGGATGCGAGCGTTATCCGGATTTATTGGGTTTAAAGGGAGCGCAGGCTGCGAGGCAAGTCAGCGGTCAAATGTCGGGGCTCAACCCCGGCCTGCCGTTGAAACTGTCTTGCTAGAGTTCGAGTGAGGTATGCGGAATGCGTTGTGTAGCGGTGAAATGCATAGATATGACGCAGAACTCCGATTGCGAAGGCAGCATACCAACTCGCGACTGACGCTGAG","AGCAGCCGCGGTAATACGGAGGATTCAAGCGTTATCCGGATTTATTGGGTTTAAAGGGTGCGTAGGCGGTTTGATAAGTTAGAGGTGAAATTTCGGGGCTCAACCCTGAACGTGCCTCTAATACTGTTGAGCTAGAGAGTAGTTGCGGTAGGCGGAATGTATGGTGTAGCGGTGAAATGCTTAGAGATCATACAGAACACCGATTGCGAAGGCAGCTTACCAAACTATATCTGACGTTGA","AGCAGCCGCGGTAATACAGAGGTCTCAAGCGTTGTTCGGAATCACTGGGCGTAAAGCGTGCGTAGGCTGTTTCGTAAGTCGTGTGTGAAAGGCGCGGGCTCAACCCGCGGACGGCACATGATACTGCGAGACTAGAGTAATGGAGGGGGAACCGGAATTCTCGGTGTAGCAGTGAAATGCGTAGATATCGAGAGGAACACTCGTGGCGAAGGCGGGTTCCTGGACATTAACTGACGCTGA","AGCAGCCGCGGTAATACGTAGGGTGCAAGCGTTATCCGGAATTATTGGGCGTAAAGGGCTCGTAGGCGGTTCGTCGCGTCCGGTGTGAAAGTCCATCGCTTAACGGTGGATCCGCGCCGGGTACGGGCGGGCTTGAGTGCGGTAGGGGAGACTGGAATTCCCGGTGTAACGGTGGAATGTGTAGATATCGGGAAGAACACCAATGGCGAAGGCAGGTCTCTGGGCCGTCACTGACGCTGA","AGCAGCCGCGGTAATACGTATGGGGCGAGCGTTATCCGGATTCATTGGGCGTAAAGCGCGCGTAGGCGGAGCGCTAAGCGGGACCTCTAACCCGAGGGCTCAACCCCCGGCCGGGTCCCGAACTGGCGCTCTCGAGTGCGGTAGGGGAGAGCGGAATTCCCGGTGTAGCGGTGGAATGCGCAGATATCGGGAAGAACACCGACGGCGAAGGCAGCTCTCTGGGCCGAAACTGACGCTGAG","AGCAGCCGCGGTAATACGTAGGGGGCGAGCGTTATCCGGAATCATTGGGCGTAAAGCGCGCGCAGGCGGGCTTTCAAGCGGCGGCGTCGAAGCCGGGGGCTCAACCCCCGGAAGCGCCCCGAACTGGAAGCCTCGGATGCGGCAGGGGGAGGCGGAATTCCCGGTGTAGCGGTGAAATGCGCAGATATCGGGAAGAACACCGACGGCGAAGGCAGCCTCCTGGGCCGGCATCGACGCTGA","AGCAGCCGCGGTAATACGTAGGGGGCGAGCGTTATCCGGATTCATTGGGCGTAAAGCGCGCGTAGGCGGCCCGGCAGGCCGGGGGTCGAAGCGGGGGGCTCAACCCCCCGAAGCCCCCGGAACCTCCGCGGCTTGGGTCCGGTAGGGGAGGGTGGAACACCCGGTGTAGCGGTGGAATGCGCAGATATCGGGTGGAACACCGGTGGCGAAGGCGGCCCTCTGGGCCGAGACCGACGCTGA","AGCAGCCGCGGTAATACGTAGGTCCCGAGCGTTGTCCGGATTTATTGGGCGTAAAGCGAGCGCAGGCGGTTTGATAAGTCTGAAGTTAAAGGCTGTGGCTCAACCATAGTTCGCTTTGGAAACTGTCAAACTTGAGTGCAGAAGGGGAGAGTGGAATTCCATGTGTAGCGGTGAAATGCGTAGATATATGGAGGAACACCGGTGGCGAAAGCGGCTCTCTGGTCTGTAACTGACGCTGAG","AGCAGCCGCGGTAATACGTAGGTAGCGAGCGTTATCCGGAATTATTGGGCGTAAAGGGTGCGTAGGCGGCCTGTTAAGTTTATGGTGAAAGCGTGGGGCTCAACCCCATAAAGCCATAGATACTGGCAGGCTAGAGTACTGGAGAGGGTAGTGGAATTCCATGTGTAGCGGTAAAATGCGTAGATATATGGAGGAACACCGGTGGCGAAGGCGGCTACCTAGACAGAGACTGACGCTGAG","AGCAGCCGCGGTAATACGTAGGTGGCGAGCGTTATCCGGAATCATTGGGCGTAAAGAGGGAGCAGGCGGCCGCAAGGGTCTGTGGTGAAAGACCGAAGCTAAACTTCGGTAAGCCATGGAAACCGGGCGGCTAGAGTGCGGAAGAGGATCGTGGAATTCCATGTGTAGCGGTGAAATGCGTAGATATATGGAGGAACACCAGTGGCGAAGGCGACGGTCTGGGCCGCAACTGACGCTCAT","AGCAGCCGCGGTAATACGTAGGTGGCGAGCGTTATCCGGAATTATTGGGCGTAAAGAGCGCGCAGGTGGTTGATTAAGTCTGATGTGAAAGCCCACGGCTTAACCGTGGAGGGTCATTGGAAACTGGTCGACTTGAGTGCAGAAGAGGGAAGTGGAATTCCATGTGTAGCGGTGAAATGCGTAGAGATATGGAGGAACACCAGTGGCGAAGGCGGCTTCCTGGTCTGTAACTGACACTGA","AGCAGCCGCGGTAATACGTAGGGGGCAAGCGTTATCCGGATTTACTGGGTGTAAAGGGAGCGTAGACGGTATGGCAAGTCTGATGTGAAAGGCCAGGGCTCAACCCTGGGACTGCATTGGAAACTGTCGAACTAGAGTGTCGGAGAGGCAAGTGGAATTCCTAGTGTAGCGGTGAAATGCGTAGATATTAGGAGGAACACCAGTGGCGAAGGCGGCTTGCTGGACGATGACTGACGTTGA","AGCAGCCGCGGTAATACGTAGGGGGCAAGCGTTATCCGGATTTACTGGGTGTAAAGGGAGCGTAGACGGCATGGCAAGCCAGATGTGAAAGCCCGGGGCTCAACCCCGGGACTGCATTTGGAACTGTCAGGCTAGAGTGTCGGAGAGGAAAGCGGAATTCCTAGTGTAGCGGTGAAATGCGTAGATATTAGGAGGAACACCAGTGGCGAAGGCGGCTTTCTGGACGATGACTGACGTTGA","AGCAGCCGCGGTAATACGTATGGAGCAAGCGTTATCCGGATTTACTGGGTGTAAAGGGTGCGTAGGTGGCAGTGCAAGTCAGATGTGAAAGGCCGGGGCTCAACCCCGGAGCTGCATTTGAAACTGCTCGGCTAGAGTACAGGAGAGGCAGGCGGAATTCCTAGTGTAGCGGTGAAATGCGTAGATATTAGGAGGAACACCAGTGGCGAAGGCGGCCTGCTGGACTGTTACTGACACTGA","AGCAGCCGCGGTAATACGTAGGTGGCGAGCGTTGTCCGGATTTACTGGGCGTAAAGGGAGCGTAGGCGGATTTTTAAGTGAGATGTGAAATACTCGGGCTTAACCTGAGTGCTGCATTTCAAACTGGAAGTCTAGAGTGCAGGAGAGGAGAAGGGAATTCCTAGTGTAGCGGTGAAATGCGTAGAGATTAGGAAGAACACCAGTGGCGAAGGCGCTTCTCTGGACTGTAACTGACGCTGA","AGCAGCCGCGGTAATACGTAGGTGGCGAGCGTTATCCGGATTTACTGGGCGTAAAGGGAGCGTAGGCGGATGATTAAGTGGGATGTGAAATACCCGGGCTCAACTTGGGTGCTGCATTCCAAACTGGTTATCTAGAGTGCAGGAGAGGAGAGTGGAATTCCTAGTGTAGCGGTGAAATGCGTAGAGATTAGGAAGAACACCAGTGGCGAAGGCGACTCTCTGGACTGTAACTGACGCTGA","AGCAGCCGCGGTAATACGTAGGGGGCTAGCGTTATCCGGATTTACTGGGCGTAAAGGGTGCGTAGGTGGTTTCTTAAGTCAGGAGTGAAAGGCTACGGCTCAACCGTAGTAAGCTCTTGAAACTGGGAAACTTGAGTGCAGGAGAGGAAAGTGGAATTCCTAGTGTAGCGGTGAAATGCGTAGATATTAGGAGGAACACCAGTAGCGAAGGCGGCTTTCTGGACTGTAACTGACACTGAG","AGCAGCCGCGGTAATACGTAGGGAGCAAGCGTTGTCCGGATTTACTGGGTGTAAAGGGTGCGTAGGCGGATTGGCAAGTCAGAAGTGAAATCCATGGGCTTAACCCATGAACTGCTTTTGAAACTGTTAGTCTTGAGTGAAGTAGAGGTAGGCGGAATTCCCGGTGTAGCGGTGAAATGCGTAGAGATCGGGAGGAACACCAGTGGCGAAGGCGGCCTACTGGGCTTTAACTGACGCTGA","AGCAGCCGCGGTAAAACGTAGGGTGCAAGCGTTGTCCGGAATTACTGGGTGTAAAGGGAGCGCAGGCGGACCGGCAAGTTGGAAGTGAAATCCATGGGCTCAACCCGTGAATTGCTTTCAAAACTGCTGGCCTTGAGTAGTGCAGAGGTAGGTGGAATTCCCGGTGTAGCGGTGGAATGCGTAGATATCGGGAGGAACACCAGTGGCGAAGGCGACCTACTGGGCACCAACTGACGCTGA","AGCAGCCGCGGTAATACGTAGGTGGCAAGCGTTATCCGGATTTACTGGGTGTAAAGGGCGTGTAGGCGGGATTGCAAGTCAGATGTGAAAACTGGGGGCTCAACCTCCAGCCTGCATTTGAAACTGTAGTTCTTGAGTGCTGGAGAGGCAATCGGAATTCCGTGTGTAGCGGTGAAATGCGTAGATATACGGAGGAACACCAGTGGCGAAGGCGGATTGCTGGACAGTAACTGACGCTGA","AGCAGCCGCGGTAATACGTAGGTGGCAAGCGTTATCCGGATTTACTGGGTGTAAAGGGCGTGTAGGCGGGAGTGCAAGTCAGATGTGAAAATTATGGGCTCAACCCATAACCTGCATTTGAAACTGTACTTCTTGAGTACTGGAGAGGCAGGCGGAATTCCGTGTGTAGCGGTGAAATGCGTAGATATACGGAGGAACACCAGTGGCGAAGGCGGCCTGCTGGACAGCAACTGACGCTGA","AGCAGCCGCGGTAATACGTAGGTGGCAAGCGTTGTCCGGATTTACTGGGTGTAAAGGGCGTGCAGCCGGGCATGCAAGTCAGATGTGAAATCTCAGGGCTTAACCCTGAAACTGCATTTGAAACTGTATGTCTTGAGTGCCGGAGAGGTAATCGGAATTCCTTGTGTAGCGGTGAAATGCGTAGATATAAGGAAGAACACCAGTGGCGAAGGCGGATTACTGGACGGTAACTGACGGTGA","AGCAGCCGCGGTAATACGTAGGTGGCAAGCGTTGTCCGGATTTACTGGGTGTAAAGGGCGTGTAGCCGGGAGGGCAAGTCAGATGTGAAATCCACGGGCTCAACTCGTGAACTGCATTTGAAACTACTCTTCTTGAGTATCGGAGAGGCAATCGGAATTCCTAGTGTAGCGGTGAAATGCGTAGATATTAGGAGGAACACCAGTGGCGAAGGCGGATTGCTGGACGACAACTGACGGTGA","AGCAGCCGCGGTAATACGTAGGTGGCAAGCGTTGTCCGGATTTACTGGGTGTAAAGGGCGTGCAGCCGGGTCTGCAAGTCAGATGTGAAATCCATGGGCTCAACCCATGAACTGCATTTGAAACTGTAGATCTTGAGTGTCGGAGGGGCAATCGGAATTCCTAGTGTAGCGGTGAAATGCGTAGATATTAGGAGGAACACCAGTGGCGAAGGCGGATTGCTGGACGATAACTGACGGTGA","AGCAGCCGCGGTAATACGTAGGTGGCAAGCGTTGTCCGGAATTATTGGGCGTAAAGCGCGCGCAGGCGGCTTCTTAAGTCCATCTTAAAAGTGCGGGGCTTAACCCCGTGATGGGATGGAAACTGAGAGGCTGGAGTATCGGAGAGGAAAGTGGAATTCCTAGTGTAGCGGTGAAATGCGTAGAGATTAGGAAGAACACCGGTGGCGAAGGCGACTTTCTGGACGACAACTGACGCTGAG","AGCAGCCGCGGTAATACGTAGGTGGCGAGCGTTGTCCGGAATTATTGGGCGTAAAGAGCATGTAGGCGGCTTAATAAGTCGAGCGTGAAAATGCGGGGCTCAACCCCGTATGGCGCTGGAAACTGTTAGGCTTGAGTGCAGGAGAGGAAAGGGGAATTCCCAGTGTAGCGGTGAAATGCGTAGATATTGGGAGGAACACCAGTGGCGAAGGCGCCTTTCTGGACTGTGTCTGACGCTGAG","AGCAGCCGCGGTAACACCGGCAGCTCTAGTGGTAGCAGTTTTTATTGGGCCTAAAGCGTCCGTAGCCGGTTTAATAAGTCTCTGGTGAAATCCTGCAGCTTAACTGTGGGAATTGCTGGAGATACTATTAGACTTGAGATCGGGAGAGGTTAGAGGTACTCCCAGGGTAGAGGTGAAATTCTGTAATCCTGGGAGGACCGCCTGTTGCGAAGGCGTCTGACTGGAACGATTCTGACGGTG"
"ERR2836366",1,97,1,12,1,11,1,1,1,1,1,599,448,60,13,757,1,213,629,27,26,1,125,1,18,1,87,77,1,75,34,391,152,375,1,805
"ERR2836368",1,16,6,19,1,1,1,1,1,1,1,10,1,23,4,171,1,1,172,8,7,30,1,34,1,29,70,1,1,16,17,65,62,130,1,6
"ERR2836369",1,1,1,1,1,1,231,1,52,1,1,10,1,1,18,51,14,1,1,6,1,1,1,1,1,1,1,35,1,21,31,103,128,1,238,1
"ERR2836370",14,60,9,42,49,1,1,1,21,7,1,31,39,74,23,831,27,14,267,1,1,26,59,77,104,119,99,56,1,29,27,94,106,265,1,32
"ERR2836371",164,16,1,3,1,16,28,18,6,25,1,9,66,83,42,1622,124,5,143,91,1,1,34,106,82,44,9,62,1,9,11,15,47,379,5,4
"ERR2836372",1,92,53,51,1,241,53,1,11,1,1,3,1,59,44,343,48,1,128,1,5,1,35,1,1,41,25,62,1,42,31,1,89,196,1,1
"ERR2836373",109,1,1,79,252,29,1,8,1,14,1,1,1,67,44,556,552,19,75,1,1,1,1,57,10,34,1,1,1,22,16,8,30,98,4,1
"ERR2836374",1,1,8,1,3,1,1,1,1,1,39,21,1,69,50,376,14,1,1,1,20,120,17,1,1,1,1,35,16,1,32,1,18,3,386,1
"ERR2836375",1,1,8,1,19,9,1,1,1,1,1,66,1,1,1,48,9,1,12,1,10,7,1,20,6,1,8,1,1,1,1,1,6,16,1,13
"ERR2836376",1,1,13,1,73,1,1,1,43,14,1,1,584,23,18,1342,1,1,130,68,13,18,115,50,5,34,212,13,1,56,84,204,216,199,57,1389
"ERR2836377",1,24,1,3,1,13,1,1,1,49,1,49,1,68,59,703,15,57,133,1,6,1,33,1,1,24,1,84,1,58,39,134,354,296,1,166
"ERR2836378",64,31,11,1,1,1,1,52,1,1,124,82,1,22,38,523,153,1,23,1,26,1,79,1,1,1,33,35,1,41,1,53,194,39,25,28
"ERR2836379",1,14,4,6,19,15,1,5,13,11,1,41,54,1,10,644,26,29,117,9,7,45,50,20,14,10,54,82,1,24,23,69,99,105,86,60
"ERR2836380",1,1,1,37,1,24,1,1,1,13,1,1,1,69,32,889,1,5,60,1,1,1,41,66,1,1,1,80,1,13,13,1,24,245,1,1
"ERR2836381",1,1,1,231,1,1,1,25,38,1,139,5,1,72,8,646,1,46,71,91,11,1,41,81,380,15,24,49,1,1,37,98,248,1,15,6
"ERR2836382",1,1,10,92,359,50,13,1,1,34,1,1,1,21,1,79,1,1,59,20,1,1,28,154,1,16,1,13,1,11,23,39,31,124,1,1
"ERR2836383",1,1,1,1,1,1,1,1,1,1,1,1,1,1,17,125,1,1,1,16,12,1,33,122,1,9,10,35,9,1,1,1,78,1,1,1
"ERR2836384",1,1,8,1,1,1,1,55,1,40,7,1,1,36,1,325,1,35,475,1,1,1,24,24,5,1,1,20,1,1,1,37,67,174,1,1
"ERR2836385",1,38,1,1,1,1,1,1,16,1,1,1,1,1,17,224,1,1,1,1,30,47,1,74,232,195,7,46,1,14,24,18,75,254,1,1
"ERR2836386",575,28,25,1,1,1,71,125,36,147,1,103,1,1,1,716,1,28,29,13,20,92,1,78,234,1,25,87,10,15,33,1,87,1,1,1
"ERR2836387",328,6,1,1,1,1,46,764,1,90,1,1,1,97,1,523,20,1,1,5,1,94,17,33,842,37,8,14,14,5,1,1,43,187,1,1
"ERR2836388",20,1,1,55,1,11,1,1,13,1,6,3,1,80,48,785,107,9,19,28,1,4,20,149,120,49,1,31,1,16,24,44,78,28,14,1
"ERR2836389",15,49,10,89,1,1,1,22,32,45,1,116,76,108,22,339,45,19,114,11,12,1,50,43,37,17,15,35,1,24,38,141,129,96,6,383
"ERR2836390",258,11,13,1,14,9,96,1,1,22,1,1,1,189,11,703,72,1,106,31,17,1,17,1,29,1,1,1,1,1,39,53,110,1,1,4
"ERR2836391",1,1,1,1,38,1,66,1,9,5,1,7,1,16,1,68,17,10,59,1,1,1,52,12,16,1,8,1,1,20,29,34,82,1,44,1
"ERR2836392",62,11,1,1,922,5,61,1,35,67,21,1,1,116,25,159,10,5,4,1,1,1,1,63,1,7,1,35,8,1,1,1,47,1,11,5
"ERR2836393",102,16,14,160,151,208,1,4,1,17,1,1,1,58,12,140,17,6,36,1,16,5,1,69,1,6,10,37,1,1,26,21,59,1,1,6
"ERR2836394",1,1,32,1,1,1,1,34,22,98,1,29,32,38,33,482,122,1,410,139,17,1,21,30,1,231,46,92,1,1,21,150,214,1,1,1
"ERR2836395",39,42,1,42,100,27,1,1,1,28,15,1,1,17,9,178,27,1,36,1,15,28,87,10,11,1,215,38,53,1,50,88,151,26,33,25
"ERR2836396",63,62,1,86,1,57,1,1,1,56,7,1,13,63,26,1124,57,1,1,6,1,74,1,1,1,1,687,78,80,1,82,77,361,55,1,166
"ERR2836397",3,1,1,389,1,3,1,33,1,1,1,1,984,9,1,74,21,1,126,1,11,11,30,1,1,1,38,26,9,1,16,1,24,1,1,12
"ERR2836398",188,1,1,168,1,5,1,40,1,17,8,9,270,39,4,444,54,1,66,3,10,9,1,161,215,1,56,41,11,1,26,1,42,27,4,11
"ERR2836399",95,1,13,25,1,1,1,1,11,1,6,15,1,1,1,237,20,1,23,1,18,22,23,22,1,1,1,42,7,1,9,26,67,1,1,25
"ERR2836400",90,49,26,1,1,1,1,55,1,1,166,464,1,76,45,657,144,1,52,1,58,1,1,58,1,1,1,1,1,57,1,148,171,68,44,1
"ERR2836401",40,1,7,1,1,1,1,654,25,1,15,1,1,95,61,85,12,1,1,1,1,1,32,1,1,1,1,7,1,1,10,1,24,1,364,1
"ERR2836402",1,1,1,1,1,1,1,1,10,1,1,1,1,74,44,175,40,1,1,17,1,1,64,346,262,1,1,23,1,7,1,1,48,76,1,1
"ERR2836403",1,1,1,1,58,8,1,14,1,1,1,1,1,5,1,8,1,1,1,9,1,1,1,51,1,1,1,1,1,7,1,1,17,29,32,1
"ERR2836404",1,1,1,1,1,1,1,26,21,70,1,1,9,59,1,344,26,1,96,11,26,1,32,5,1,44,17,20,1,7,32,70,100,1,1,9
"ERR2836405",1,1,37,1,8,4,304,330,67,1,249,1,1,28,1,78,13,1,1,1,25,1,1,1,196,1,27,1,35,1,6,1,10,1,18,1
"ERR2836406",1,1,3,1,1,1,1,1,1,1,1,1,54,1,13,104,7,1,35,5,1,1,10,1,1,1,9,19,1,1,1,1,59,1,1,1
"ERR2836407",149,1,12,1,1,4,35,1,81,89,1,1,1,40,23,182,34,62,85,1,1,1,88,1,39,12,12,31,1,25,19,61,272,1,1,1
"ERR2836408",226,1,1,1,1,1,1,1,16,26,1,1,1,65,41,415,286,1,1,1,14,1,68,1,1,22,1,59,1,1,41,14,66,1,1,1
"ERR2836409",35,16,1,1,1,1,1,1,1,1,72,1,1,45,1,102,29,1,89,42,1,1,58,94,1,8,30,16,1,1,28,52,169,1,1,1
"ERR2836411",1,1,25,1,1,1,1,227,16,245,86,1,1,1,68,643,1,1,104,1,1,1,1,1,1,1,28,10,1,1,1,1,28,1,8,1
"ERR2836412",1,1,5,56,1,9,1,1,1,39,1,1,1,185,81,419,1,1,237,1,1,1,124,1,1,1,1,39,1,1,1,1,18,32,1,1
"ERR2836413",1,1,1,4,1,1,111,464,1,1,1,6,68,6,1,25,8,1,1,1,1,100,95,14,1,1,1,1,58,1,1,1,1,16,144,1
"ERR2836414",1,1,1,1,1,1,103,124,1,1,1,18,1,1,1,80,637,1,123,1,10,1,108,1,1,1,1,194,16,1,44,211,58,1,18,1
"ERR2836415",79,26,1,204,16,190,1,42,1,1,1,1,1,49,1,641,15,7,33,4,9,1,1,45,1,7,1,39,1,1,35,34,51,1,24,1
"ERR2836416",1,1,38,1,1,10,69,120,64,1,9,1,1,20,10,424,52,1,21,13,18,58,38,1,13,16,11,37,11,1,1,1,53,1,180,6
"ERR2836417",56,1,1,1,1,1,1,1,56,6,1,1,57,7,9,716,60,1,1,1,23,16,139,1,1,1,37,49,1,1,26,1,10,1,204,1
"ERR2836418",35,1,1,1,1,1,39,304,1,1,1,34,27,66,1,126,45,1,1,1,27,1,1,52,1,14,1,129,14,1,16,1,50,1,1,1
"ERR2836419",108,1,29,209,1,295,1,1,1,1,13,1,1,47,21,77,1,10,51,1,6,1,1,46,5,1,1,40,1,1,26,39,38,1,1,7
"ERR2836420",108,9,29,1,345,1,1,125,38,1,61,8,1,85,40,179,791,1,1,66,1,1,44,208,5,38,1,32,1,1,16,1,55,1,106,1
"ERR2836421",50,57,1,18,280,21,1,1,1,1,1,1,1,61,1,109,183,1,411,36,1,1,1,145,1,1,15,61,1,1,55,249,147,1,1,243
"ERR2836423",1,1,1,53,1,1,7,1,1,1,1,1,148,1,1,527,6,1,1,1,12,1,121,143,1,1,20,34,1,1,21,1,25,1,1,1
"ERR2836424",1,11,11,1,1,42,1,33,7,3,7,1,181,34,18,751,66,1,124,17,11,1,94,23,1,5,81,30,1,6,23,1,55,228,1,1
"ERR2836425",1,1,21,1,1,1,1,333,1,1,334,1,227,1,1,903,823,1,1,1,50,61,146,169,1,143,129,12,85,1,1,1,1,1,1,1
"ERR2836426",1,1,1,1,151,96,1,1,36,218,48,1,1,202,21,712,30,64,25,116,61,6,165,1,23,10,10,38,65,97,108,506,936,1,1,86
"ERR2836427",1,1,1,1,1,1,1,9,25,1,165,95,1,1,1,1136,22,1,5,1,25,65,1,1,1,1,1,138,11,16,41,62,151,1,9,1
"ERR2836428",1,1,7,26,1,46,1,1,1,7,1,3,1,1,4,312,131,1,480,23,1,1,71,25,1,15,111,1,1,1,8,1,60,135,1,1
"ERR2836430",1,1,37,1,1,1,26,44,38,1,32,15,1,204,1,1072,29,1,1,1,13,28,54,1,1,1,19,32,8,1,18,1,97,1,1,1
"ERR2836431",1,1,54,1,1,1,1,1721,1,1,1,1,1,113,1,6,1,1,1,1,1,594,13,1,1,1,13,1,94,1,1,1,1,1,1,1
"ERR2836432",1,23,1,1,1,124,1,7,1,5,1,1,1,57,1,898,113,1,1,1,1,1,60,1,27,17,1,31,10,3,1,1,19,1,45,5
"ERR2836433",92,10,25,73,217,1,1,51,1,64,12,5,1,108,52,543,146,1,137,1,1,29,177,300,13,18,23,53,1,14,14,119,178,90,25,9
"ERR2836434",1,1,1,1,8,1,1,1,1,1,1,1,1,1,1,32,1,1,5,1,1,13,1,7,1,1,1,1,1,1,6,1,42,1,34,1
"ERR2836435",279,5,32,1,19,1,48,52,1,1,1,4,1,104,47,405,19,1,13,4,8,16,45,1,1,1,1,17,1,8,1,16,41,1,1,1
"ERR2836436",186,111,17,1,1,1,1,1,46,1,1,1,1,64,9,294,18,1,33,53,16,1,1,324,12,91,126,1,1,1,50,120,191,185,1,1
"ERR2836437",39,1,1,1,1,1,28,733,1,1,45,44,670,1,1,386,14,1,12,3,1,234,1,120,1,1,1,1,24,1,1,12,11,13,144,1
"ERR2836438",1,16,4,1,1,1,1,1,12,1,1,1,805,61,12,616,99,1,66,5,1,1,1,19,1,1,6,70,1,1,11,1,43,1,27,1
"ERR2836439",116,1,64,1,1,97,1,1,1,58,1,6,1,157,1,489,1,1,318,3,10,1,1,1,1,1,39,1,1,41,31,1,189,470,1,1
"ERR2836440",1,1,9,1,1,1,1,191,67,1,1,1,121,1,1,5,1,1,1,1,1,41,41,33,1,1,55,65,9,1,1,1,1,9,208,1
"ERR2836441",12,1,1,1,57,15,51,363,1,21,1,1,1,26,1,577,1,1,45,1,1,1,39,1,940,1,16,17,1,1,22,1,16,1,76,1
"ERR2836442",160,23,1,16,15,22,30,57,32,73,49,1,207,171,75,569,54,1,24,23,4,22,39,64,1,7,27,59,24,9,46,86,130,403,36,28
"ERR2836443",40,13,1,19,37,30,32,126,37,13,1,90,49,75,9,480,87,16,95,1,1,203,16,83,1,12,1,30,33,7,13,55,63,93,10,74
"ERR2836444",1,12,1,1,15,4,1,26,7,1,1,9,1,1,4,12,18,10,20,178,1,1,21,44,57,1,9,1,1,1,18,20,38,1,8,12
"ERR2836445",90,43,1,12,23,22,1,7,19,67,1,1,1,1,100,267,40,1,1,23,7,28,1,52,57,1,16,63,10,24,44,79,213,1,31,1
"ERR2836446",1,8,1,1,1,35,1,8,1,61,1,8,189,62,1,485,48,15,129,1,1,1,47,1,1,1,8,37,1,24,34,78,51,270,1,1
"ERR2836447",134,1,8,1,1,1,1,10,10,1,1,1,1,97,1,803,53,28,210,11,16,1,51,120,11,40,1,30,1,1,1,1,37,643,1,1
"ERR2836448",69,1,1,1,316,1,1,24,7,16,1,1,1,1,10,151,21,1,1,1,19,1,1,1,7,1,3,13,8,1,12,1,6,169,1,1
"ERR2836449",164,19,4,1,182,11,65,10,23,1,1,22,142,1,26,235,1329,85,160,10,1,10,27,149,83,24,49,43,7,12,16,43,58,296,9,3
"ERR2836450",214,14,6,10,1,1,1,17,1,3,1,1,29,1,1,121,48,1,5,10,1,26,69,231,1,58,23,1,21,1,18,26,46,29,156,1
"ERR2836451",1,1,41,1,1,1,1,312,50,1,1,1,382,1,1,317,55,1,51,7,1,9,62,46,1,1,1,1,25,1,1,1,1,1,483,1
"ERR2836452",1,24,3,23,1,9,1,40,8,79,1,1,100,291,297,339,16,1,21,45,10,1,32,316,1,20,1,29,1,8,1,91,67,681,56,52
"ERR2836453",1,7,1,137,118,26,1,19,1,58,1,1,1,37,1,354,44,1,239,10,11,5,1,178,1,7,1,32,1,34,43,1,147,94,1,1
"ERR2836454",1,1,22,1,1,1,1,1,75,52,1,1,1,1,1,586,12,1,1,1,23,86,1,1,1,1,1,58,6,1,13,1,55,344,1,1
"ERR2836455",98,1,16,74,1,18,1,24,4,1,7,155,1,39,15,374,46,65,126,1,1,32,40,101,130,89,1,96,1,31,17,19,60,1,1,1
"ERR2836456",231,37,25,1,1,1,39,116,1,1,1,11,1,47,38,440,33,1,1,1,1,1,65,35,1,1,10,20,1,1,32,55,134,1,266,1
"ERR2836457",1,15,1,1,1,1,1,1,1,1,1,1,216,63,12,1362,29,1,1,1,1,26,15,8,4,1,1,102,1,1,9,1,76,1,1,1
"ERR2836458",1,85,26,27,420,272,1,1,1,47,1,1,1,43,11,140,1,1,1,1,8,1,1,53,1,1,10,38,1,33,39,220,193,1,1,59
"ERR2836459",27,1,1,72,1,1,1,1,1,1,1,1,75,31,8,104,34,1,21,3,6,1,30,129,1,12,1,1,1,1,12,25,18,214,1,1
"ERR2836460",1,1,28,27,1,1,1,1,1,9,1,1,31,70,16,163,1,23,90,1,1,1,38,322,1,1,1,1,1,1,37,52,70,207,1,1
"ERR2836461",126,1,1,12,221,13,1,1,1,1,1,1,67,1,1,239,1939,56,209,11,1,1,17,56,85,1,19,54,1,13,1,24,45,437,1,1
"ERR2836462",1,1,1,10,1,48,1,34,20,1,1,1,48,47,36,135,38,11,63,6,1,1,44,57,25,1,21,1,1,10,13,7,33,44,41,1
"ERR2836463",86,48,5,1,17,49,1,1,1,114,1,40,1,174,49,1115,27,1,1,18,1,1,40,844,1,1,1,45,1,1,39,82,46,82,1,1
"ERR2836464",161,43,9,1,842,254,1,1,39,67,16,1,101,103,30,561,21,1,501,59,1,1,56,30,63,1,7,1,6,12,31,51,183,1,1,46
"ERR2836465",18,8,19,1,12,4,50,127,32,24,52,50,1,70,4,477,294,1,15,13,10,18,1,9,30,1,19,47,1,9,19,31,86,1,74,1
"ERR2836466",1,13,1,1,24,1,1,1,6,1,1,1,2413,139,7,888,7,20,235,1,1,1,79,14,1,5,20,20,1,48,8,400,91,29,1,294
"ERR2836467",114,33,1,3,37,4,61,66,18,1,1,1,1676,119,14,753,50,16,198,29,1,1,65,30,1,9,7,51,6,32,13,215,88,82,57,259
"ERR2836468",8,1,6,1,1,1,45,625,47,1,9,1,18,1,1,20,58,1,11,22,11,46,30,101,1,29,1,116,13,1,1,1,54,1,11,1
"ERR2836469",1,1,8,60,1,11,1,43,1,3,1,53,173,1,1,641,29,1,50,379,1,1,48,367,1,39,9,14,1,1,1,52,58,19,15,1
"ERR2836470",1,1,44,1,44,1,1,1707,135,3,224,46,39,1,1,1,29,1,1,1,18,41,131,1,1,1,30,1,31,1,1,1,12,1,21,1
"ERR2836471",65,1,4,1,538,34,1,1,1,36,1,1,1,65,27,401,207,1,129,8,15,1,40,1,4,1,28,46,1,1,1,1,6,132,1,1
"ERR2836472",1,1,1,1,1,1,1,1,22,104,24,88,1,80,1,163,1,1,279,1,15,1,1,6,121,1,31,23,1,1,41,151,184,142,1,1
"ERR2836473",1,1,1,1,1,1,812,1,1,1,250,1,1,5,1,17,795,1,1,73,1,1071,264,7,1,1,1,1,46,1,1,1,8,1,173,1
"ERR2836474",1,70,1,1,1,1,1,1,62,1,626,1,1,1,1,91,29,1,1,1,1,12,130,1,1,1,1,1,1,1,1,1,1,1,310,1
"ERR2836475",79,1,18,1,207,106,1,1,1,41,1,1,1,32,1,107,61,1,20,1,16,1,66,28,238,1,21,51,1,1,39,1,31,27,1,1
"ERR2836476",44,1,1,1,16,43,1,23,1,1,1,1,1,58,3,134,21,1,1,239,1,1,61,112,1,1,14,1,1,1,1,31,65,33,34,1
"ERR2836477",1,1,1,1,1,83,1,1,1,42,65,1,1,1,1,147,1,1,72,1,8,1,1,1,6,1,29,24,11,1,80,55,161,77,1,1
"ERR2836479",73,1,8,1,1,14,1,1,1,1,1,1,25,50,49,161,29,22,96,1,10,1,86,9,30,1,15,36,1,1,20,53,76,307,1,1
"ERR2836480",109,7,1,5,741,13,29,1,1,7,1,1,670,101,75,487,55,1,1,1,1,14,64,1,1,18,38,52,7,1,1,1,35,36,1,1
"ERR2836481",364,26,1,1,14,1,682,1,88,1,1,1,1,1,1,137,20,1,3,28,1,271,39,39,1,258,1,1,58,1,1,1,1,1,1,1
"ERR2836482",296,1,36,1,1,1,350,1,85,1,206,1,1,1,1,228,20,1,1,1,17,29,53,1,1,1,115,1,1,1,44,1,98,193,1,1
"ERR2836483",71,1,8,1,1,1,1,1,67,1,1,1,52,1,6,49,45,1,265,1,1,1,34,1,1,1,15,33,1,1,1,1,132,1,1,1
"ERR2836484",1,68,40,1,1,1,1,1,49,1,1,1,147,1,1,115,40,1,1,1,1,1,54,1,1,1,1,30,23,1,58,1,180,1,1,4
"ERR2836485",1,1,1,1,1,1,1,29,7,1,1,12,23,1,1,1,7,1,1,1,1,1,1,1,1,1,1,1,1,1,1,1,44,45,1,1
"ERR2836486",1,1,1,1,1,1,64,1,1,1,41,1,119,1,1,1,27,1,13,1,1,1,60,91,1,1,1,27,1,1,1,1,1,1,1,1
"ERR2836487",1,1,1,105,1,1,14,1,1,11,1,1,167,111,40,601,1,78,134,282,1,1,26,44,1,5,1,49,1,14,23,30,66,285,1,37
"ERR2836488",1,5,14,18,1,90,1,146,35,83,46,156,1,30,9,270,35,1,71,1,12,14,1,18,38,1,44,24,1,1,78,85,212,93,83,1
"ERR2836489",55,7,1,55,42,1,1,144,31,1,9,68,1,1,1,179,35,1,211,15,1,1,1,43,193,1,33,1,1,1,8,13,26,56,41,1
"ERR2836490",44,1,1,1,622,75,21,12,1,16,1,1,1,74,14,845,1,98,495,1,16,1,34,5,1,16,1,31,26,1,15,1,8,856,1,1
"ERR2836491",1,1,48,1,1,1,1,628,116,1,44,988,1,1,1,138,60,1,1,1,10,18,24,34,123,1,65,1,17,1,1,1,1,1,356,1
"ERR2836492",1,30,20,1,25,1,1,133,1,1,168,27,72,1,1,434,93,1,1,1,1,31,69,8,33,1,65,1,33,1,50,1,1,1,199,1
"ERR2836493",714,3529,1384,123,1,203,1,1,1144,5252,101,1,1,3425,1126,11482,360,1,4396,1,273,1,2777,1,1,1,41,1611,304,683,1867,2530,13651,1,1,1
"ERR2836494",60,30,1,1,1,1,29,31,1,31,1,1,47,1,1,24,1,1,1,1,1,1,28,1,1,1,1,1,1,1,10,1,22,1,1,1
"ERR2836495",1,1,1,1,1,1,1,21,1,1,1,1,1,1,1,32,1,1,11,1,1,40,19,1,1,1,1,1,1,1,1,1,1,1,32,1
"ERR2836496",1,55,1,1,1,1,1,51,1,1,1,202,1,1,1,46,7,1,1,1,1,1,24,16,4,1,1,1,1,1,31,22,44,1,79,1
"ERR2836497",1,1,1,1,1,1,1,1,1,1,1,1,1,1,1,1,1,1,1,1,1,1,1,1,1,1,1,1,1,1,1,1,1,1,1,1
"ERR2836498",1,1,1,1,1,52,1,1,1,1,1,4,1,1,1,1,1,1,1,1,1,1,1,1,1,1,1,1,1,1,11,1,10,1,1,1
"ERR2836499",1,51,1,1,1,1,45,1,20,136,1,1,1,77,34,393,1,1,69,1,5,38,1,86,72,1,10,49,10,44,33,196,282,1,83,1
"ERR2836500",33,1,26,1,1,1,1,12,1,1,69,54,178,1,1,106,51,1,389,366,12,1,58,1,1,1,1,1,1,1,14,1,60,258,5,10
"ERR2836501",1,1,1,1,1,1,1,20,1,1,1,1,1,1,1,9,1,1,1,1,1,1,65,6,1,1,1,1,1,1,1,1,1,1,1,1
"ERR2836502",1,1,21,1,1,1,136,380,1,1,94,90,35,1,1,46,1,1,1,25,6,12,1,1,1,1,1,1,20,1,1,34,1,1,1,1
"ERR2836503",1,1,1,1,1,1,1,1,1,1,1,237,1,1,1,1,128,1,3,1,1,17,24,1,1,1,36,1,1,1,1,1,1,1,521,1
"ERR2836504",1,54,37,1,1,1,95,1,1,1,115,175,1,1,1,34,1,1,1,1,1,85,44,1,1,1,1,1,18,1,1,1,58,1,136,1
"ERR2836505",1,1,11,1,1,1,1,553,1,1,12,1,1,1,1,13,9,1,15,1,1,38,1,1,1,1,1,1,12,1,1,22,11,16,9,8
"ERR2836506",1,1,1,1,1,1,87,1,1,1,1,1,29,5,1,18,1,1,1,1,9,1,1,1,1,1,10,1,1,1,23,86,63,1,1,10
"ERR2836507",116,90,1,1,119,1,1,1,19,1,98,24,1,30,1,80,1,1,197,1,1,1,52,1,1,1,69,1,1,1,38,101,178,212,1,168
"ERR2836508",1,5,1,27,29,16,66,234,73,22,1,27,1,1,1,271,51,1,63,1,9,259,1,20,44,1,1,14,32,1,30,33,59,45,160,1
"ERR2836509",1,1,50,1,5,1,237,834,326,1,1,1,1,1,1,1,1,1,1,1,1,1120,1,1,1,1,1,1,79,1,1,1,1,1,718,1
"ERR2836510",1,1,1,1,1,64,27,1,1,18,1,19,1,11,1,39,1,1,44,1,1,1,1,1,1,1,1,1,1,1,1,33,57,1,1,42
"ERR2836511",1,1,1,1,1,1,1,136,14,1,1,1,1,69,7,482,133,1,1,1,1,1,21,1,1,1,1,52,1,1,1,1,1,1,45,1
"ERR2836512",1,1,1,1,1,1,1,1,1,1,1,1,1,1,1,1,91,1,1,1,1,1,1,1,1,1,1,1,1,1,1,1,1,1,32,1
"ERR2836513",1,16,9,1,1,1,1,1,25,3,9,1,1,49,23,179,216,1,1,1,24,7,50,1,1,1,1,6,1,1,31,1,112,13,147,1
"ERR2836514",26,1,1,51,85,1,1,1,1,13,1,1,1,7,1,1,1,1,49,1,1,1,19,1,1,1,1,1,1,1,13,52,44,1,1,1
"ERR2836515",40,10,1,1,1,1,36,35,1,1,66,21,35,1,1,333,52,1,1,44,1,36,44,9,29,1,1,35,12,1,13,1,35,32,49,1
"ERR2836516",1,1,1,1,1,1,1,54,9,1,1,34,297,1,1,359,37,1,1,1,5,81,53,1,9,1,28,50,7,1,1,1,13,1,14,1
"ERR2836517",9,1,5,1,1,1,1,83,1,1,1,1,412,40,1,924,405,1,1,1,8,64,140,1,1,1,6,1,24,1,1,1,1,1,13,1
"ERR2836518",1,1,1,1,1,1,1,41,1,1,11,1,1,1,1,11,111,1,1,1,1,273,1,1,121,1,1,1,1,1,1,1,1,1,8,1
"ERR2836519",158,78,1,1,1,1,66,1,1,1,1,1,1,1,110,157,481,1,1,1,1,8,1,1,18,1,1,1,19,1,1,1,1,1,406,1
"ERR2836520",1,1,1,1,1,1,60,1,1,1,101,1,1,36,1,1,39,1,1,1,1,1,39,1,1,1,13,1,1,1,46,1,1,1,211,35
"ERR2836521",1,1,1,1,1,1,1,1,1,32,1,1,449,41,30,791,205,1,177,1,20,1,1,1,1,1,16,26,1,1,17,1,1,312,1,1
"ERR2836522",148,33,34,1,23,37,152,74,1,48,70,1,71,67,29,369,165,1,30,19,1,150,110,115,1,1,12,26,17,1,22,67,193,89,31,5
"ERR2836523",209,1,1,13,1,1,1,5,23,106,38,1,73,1,10,546,84,30,101,1,7,1,36,1,14,1,15,52,1,21,18,21,160,81,10,1
"ERR2836524",1,5,1,1,1,1,1,1,1,12,1,1,461,1,13,116,34,1,77,1,1,1,64,1,1,1,15,1,1,1,16,15,73,95,1,1
"ERR2836525",171,1,1,1,1,1,1,1,19,46,22,1,70,7,1,359,106,46,61,1,1,1,18,1,1,1,7,1,1,1,33,1,200,25,1,1
"ERR2836526",1,1,1,1,183,1,1,77,1,6,6,15,1,83,1,368,86,15,109,1,1,1,23,11,1,15,1,44,1,1,1,14,11,192,1,1
"ERR2836527",110,1,1,42,1,8,1,1,1,5,1,1,1,37,5,149,1,1,78,1,1,1,34,66,1,1,1,9,1,5,1,1,18,117,1,1
"ERR2836528",1,1,1,45,114,7,1,1,1,1,1,1,1,1,1,19,1,1,29,1,1,1,1,1,1,1,1,1,1,1,21,1,31,55,1,1
"ERR2836529",1,1,13,1,1,1,1,8,1,1,1,1,1,58,1,1197,1,1,1,1,1,1,24,1,1,1,1,39,1,1,1,1,12,1,1,1
"ERR2836530",101,33,47,1,1,1,1,1,30,1,347,84,234,1,52,688,144,1,1,5,15,1,1,31,1,5,12,36,13,1,50,1,71,80,1,1
"ERR2836531",1,1,48,1,1,1,1,1,1,1,1,1,229,1,1,1,70,1,1,25,9,23,1,1,1,1,39,1,15,1,1,1,1,1,1,1
"ERR2836532",1,1,54,1,1,1,115,1,1,87,1,1,1,75,1,1,33,1,1,1,1,1,74,16,1,37,143,1,1,1,47,1,48,1,1,1279
"ERR2836533",1,1,1,1,1,1,199,44,186,1,1,1,1,1,1,48,1,1,1,21,1,1,1,1,1,1,1,1,1,1,1,1,29,1,1,1
"ERR2836534",1,29,18,1,1,1,47,138,1,8,257,1,327,1,1,159,93,1,1,1,1,1,141,56,1,1,57,1,1,32,51,150,49,1,1,776
"ERR2836535",1,1,1,1,1,1,46,1,1,1,1,1,1,1,1,1,1,1,1,1,1,26,20,1,1,1,11,1,13,1,1,1,1,1,1,1
"ERR2836536",1,1,1,1,1,1,311,1,1,1,1,1,1,1,1,1,26,1,1,50,1,46,1,1,1,1,1,1,24,1,1,1,1,1,1,1
"ERR2836537",1,4,1,1,19,1,1,1,15,1,20,1,259,1,1,54,35,11,38,8,1,1,1,1,1,1,1,1,1,1,1,1,18,60,61,5
"ERR2836538",1,1,53,1,1,1,59,1,95,1,206,83,1086,1,1,121,1,1,1,1,1,1,103,1,1,1,24,33,12,1,1,1,1,1,1,1
"ERR2836539",1,29,1,1,1,1,1,1,20,47,1,174,1,1,1,30,1,1,1,1,1,1,36,1,1,1,1,1,10,1,1,1,1,1,1,1
"ERR2836540",115,1,1,1,1,1,1,133,40,1,1,24,44,29,1,19,17,1,1,14,1,309,56,18,5,1,1,1,1,1,1,1,1,1,1,1
"ERR2836541",129,4,1,23,1,82,1,1,1,6,1,1,1,1,1,20,41,1,44,1,6,1,35,1,48,1,10,1,1,1,17,30,54,1,1,1
"ERR2836542",1,24,8,38,1,1,1,1,3,1,1,1,1,1,1,25,11,15,64,1,1,1,26,1,1,1,1,1,1,1,34,33,47,1,1,11
"ERR2836543",36,1,1,1,1,1,1,63,1,1,33,40,99,1,1,18,4,1,1,1,1,5,20,1,1,1,1,1,1,1,1,1,1,1,1,1
"ERR2836544",1,1,14,1,1,1,1,1,1,1,1,1,1,1,1,1,27,1,1,1,1,54,1,1,1,1,1,1,1,1,1,1,1,1,1,1
"ERR2836545",1,1,63,1,1,1,1,653,1,1,1,1,1,1,1,1,9,1,1,1,1,259,338,1,1,1,1,1,60,1,1,1,1,1,421,1
"ERR2836546",88,1,1,11,1,1,1,36,1,9,1,1,1,1,1,9,167,3,32,1,1,1,1,1,128,1,1,1,1,1,6,1,13,1,1,1
"ERR2836547",66,1,1,47,1,22,1,1,1,20,1,1,1,8,1,17,27,1,1,1,1,1,1,1,1,1,1,1,1,1,1,1,42,1,1,1
"ERR2836548",133,1,4,1,1,1,1,1,1,1,1,9,50,414,441,515,385,7,51,1,32,1,48,1,93,1,23,130,13,40,54,133,463,1,1,1
"ERR2836549",61,27,10,49,1,16,38,72,1,23,59,1,46,85,16,277,171,15,1,1,17,24,58,60,14,1,48,16,1,11,9,61,51,16,56,11
"ERR2836550",53,1,1,1,1,1,1,6,1,1,1,1,1,1,1,1,8,1,1,1,1,28,14,1,1,1,1,1,1,1,1,1,1,1,1,1
"ERR2836551",67,1,1,123,279,1,1,1,1,1,1,1,1,1,1,18,12,1,97,1,1,1,61,1,1,1,11,1,1,1,1,1,23,155,1,1
"ERR2836552",1,1,28,1,1,1,1,276,1,1,76,1,1,1,1,16,1,1,1,1,1,69,37,1,1,1,1,1,1,1,1,1,1,1,148,1
"ERR2836553",1,1,1,1,1,1,1,1,17,1,1,4,36,1,1,7,1,1,1,1,1,12,21,1,1,1,1,1,1,1,7,1,1,1,1,1
"ERR2836554",1,71,20,1,1,1,65,1,76,1,1,1,1,1,1,23,64,1,46,22,1,55,72,1,1,1,64,33,21,1,42,1,82,1,1,1
"ERR2836555",1,1,1,1,1,1,37,1,1,1,1,1,29,1,1,49,18,1,1,1,1,86,33,1,1,1,1,1,7,1,1,1,1,1,38,1
"ERR2836556",90,91,29,1,4,1,20,1,1,4,125,107,1,1,1,1,1,1,7,86,1,1,15,1,1,1,17,104,31,1,89,723,477,237,1,31
"ERR2836557",88,1,1,1,1,1,1,55,1,1,108,1,204,1,25,66,22,1,1,4,1,1,85,1,1,1,1,1,1,1,1,1,74,1,133,1
"ERR2836558",1,1,1,1,1,1,103,194,33,1,1,1,1,1,1,90,497,1,1,1,37,304,71,1,12,1,1,1,1,1,1,1,1,1,1,1
"ERR2836559",1,1,1,1,1,1,1,276,19,1,1,1,116,1,1,7,11,1,1,1,1,1,14,1,1,1,14,1,5,1,1,1,8,1,18,1
"ERR2836560",53,1,1,1,1,1,1,28,1,1,240,1,102,1,1,164,28,1,1,1,1,16,30,11,1,1,34,1,1,1,1,23,1,1,121,1
"ERR2836561",1,1,20,1,1,1,329,1207,70,1,142,1,1,1,1,466,1,1,1,1,1,1,76,1,1,63,1,1,28,1,1,1,116,1,437,1
"ERR2836562",65,1,11,1,59,18,1,1,1,1,1,1,115,8,4,26,1,1,69,1,1,1,21,1,1,1,1,29,1,1,1,1,1,1,1,16
"ERR2836564",79,40,1,1,103,49,42,8,1,1,1,1,1,11,49,84,226,1,1,1,6,13,1,18,1,1,1,14,1,20,23,67,71,1,137,1
"ERR2836565",1,43,1,1,1,18,1,7,9,30,40,899,83,1,1,457,1,11,133,26,10,1,40,554,1,33,1,1,1,17,8,208,70,4,1,59
"ERR2836566",117,21,23,1,258,26,1,1,1,1,1,1,1,48,6,156,1,1,99,1,1,1,44,120,156,33,1,28,1,7,1,1,68,254,1,1
"ERR2836567",1,1,1,1,1,1,73,299,1,1,1,1,1,1,1,1,42,1,1,1,1,44,1,1,1,1,8,1,1,1,1,1,1,1,1,1
"ERR2836568",1,50,27,1,1,1,1,63,1,1,1,1,38,1,1,27,48,1,1,1,1,24,39,1,1,1,1,1,23,1,1,1,56,1,107,1
"ERR2836569",1,1,1,1,1,1,1,1,1,1,1,1,1,1,1,12,1,1,1,1,1,9,25,1,1,1,1,1,12,1,1,1,1,1,1,1
"ERR2836570",1,1,1,1,1,1,137,702,44,1,1,1,1,1,1,240,610,1,1,1,1,52,23,1,57,1,1,1,21,1,1,1,1,1,1,1
"ERR2836572",465,1,50,3,1,1,1,503,1,1,105,1,1,1,1,211,51,1,101,3,11,1,50,1,1,1,1,1,27,1,22,1,167,1,292,1
"ERR2836573",101,1,37,1,1,1,1,747,1,1,100,1,89,1,1,41,5,1,1,1,1,23,54,1,1,1,1,1,1,1,1,1,1,9,1,1
"ERR2836574",106,58,29,1,1,1,57,272,1,1,368,1,48,55,22,488,20,1,1,1,29,36,23,1,1,1,96,1,20,1,1,1,1,1,385,1
"ERR2836575",16,44,1,1,67,5,1,93,1,9,112,1,1,28,23,404,89,1,163,1,19,14,72,24,1,1,41,1,1,13,30,37,102,88,72,31
"ERR2836576",1,1,1,1,67,3,1,19,1,1,1,1,434,1,1,21,76,1,1,1,1,225,9,1,1,1,1,1,9,1,1,27,60,47,1,1
"ERR2836577",1,1,1,1,1,1,45,747,1,1,1,1,1,1,1,140,59,1,537,1,28,158,1,1,1,1,1,1,14,1,1,1,10,6,1,1
"ERR2836578",118,1,1,1,1,1,1,1,37,1,1,70,93,53,47,392,15,3,1,7,1,1,91,34,1,1,56,29,1,1,29,1,102,188,1,17
"ERR2836579",1,1,1,1,1,5,1,20,1,1,21,1,215,36,1,65,38,1,1,40,1,1,120,1,1,1,41,29,1,1,1,49,1,1,1,1
"ERR2836580",9,1,1,1,9,1,77,400,22,1,1,57,1,1,1,537,507,1,1,1,1,50,45,1,34,5,1,1,25,1,1,1,1,1,7,1
"ERR2836581",89,31,1,142,334,1,1,1,6,1,1,1,1,25,36,351,76,12,42,1,8,1,26,166,127,68,13,29,1,1,17,1,53,361,1,1
"ERR2836582",74,14,1,94,304,7,30,80,20,1,1,1,1,58,46,281,22,8,44,1,1,18,27,54,23,1,19,23,1,5,1,26,70,75,46,1
"ERR2836583",69,1,1,3,17,1,42,8,20,1,1,1,1,66,25,290,1,1,4,1,1,55,1,190,1,1,1,36,1,1,1,1,45,14,122,6
"ERR2836584",1,82,28,23,276,14,1,1,1,1,1,1,1,1,14,315,1,36,169,1,1,1,1,19,1,1,1,25,1,1,44,97,169,284,1,267
"ERR2836585",34,1,1,1,1,1,30,46,1,23,9,5,68,1,1,65,4,1,57,1,1,1,32,36,1,1,1,1,1,1,20,42,64,1,1,1
"ERR2836586",1,1,1,110,1,1,1,1,43,1,1,1,412,68,1,41,1,1,85,1,1,1,54,1,1,1,33,63,6,1,36,1,46,54,1,1
"ERR2836587",1,1,1,1,1,1,1,1,1,1,1,1,1,1,1,12,15,1,7,1,1,1,1,1,1,1,1,5,1,1,1,22,1,1,1,1
"ERR2836588",1,1,1,1,349,29,1,46,1,1,1,1,1,1,1,80,1,1,1,1,1,1,1,1,9,1,1,1,1,1,49,28,78,1,1,1
"ERR2836589",29,1,1,1,1,1,264,36,1,1,1,9,76,14,1,61,1,1,1,1,7,29,68,1,23,18,8,24,1,15,21,51,54,194,8,42
"ERR2836590",1,6,21,1,42,1,1,190,1,1,1,1,1,1,1,31,1,1,18,1,1,38,43,1,1,1,12,1,27,1,1,28,42,33,1,1
"ERR2836591",1,1,1,1,1,1,1,129,1,1,118,1,1,1,1,291,80,1,1,18,9,1,66,1,1,1,49,35,1,1,1,61,49,1,1,1
"ERR2836592",1,1,15,1,1,1,371,1,1,1,112,38,42,1,1,158,8,1,1,1,8,288,34,52,1,1,98,1,1,1,25,1,1,1,1,1
"ERR2836593",1,13,1,36,1,35,1,11,1,8,1,1,1,30,1,576,20,1,1,1,1,20,53,1,1,20,6,58,13,1,11,1,44,340,33,1
"ERR2836594",73,1,23,1,1,1,1,1,52,1,105,1,1,5,1,34,9,1,1,1,1,1,36,62,1,1,1,1,1,1,29,85,40,1,5,67
"ERR2836595",1,1,1,1,1,1,1,1,1,1,1,1,1,1,1,1,42,1,1,1,1,212,252,1,1,1,1,1,78,1,1,1,1,1,1,1
"ERR2836596",1,1,1,1,1,1,50,1,1,1,281,63,1,1,1,1,1,1,1,68,1,1,52,1,1,1,40,1,16,1,1,1,1,1,1,164
"ERR2836597",1,1,1,1,1,1,25,22,29,1,1,1,79,1,1,99,104,1,1,1,12,1,54,1,1,1,38,1,1,1,1,1,111,1,1,1
"ERR2836598",1,1,1,1,1,1,1,1,1,1,1,1,1,1,1,1,49,1,1,1,1,1,120,45,1,1,55,131,32,1,99,1,1,1,1,1
"ERR2836599",7,1,1,1,18,1,1,1,1,1,1,1,14,1,1,1,1,1,1,1,1,1,1,11,1,1,1,1,1,1,1,1,1,20,1,1
"ERR2836600",1,22,1,67,32,1,1,1,1,20,1,1,6,1,1,17,1,1,10,1,1,1,1,9,1,1,5,14,1,1,18,36,53,1,1,1
"ERR2836601",1,1,6,1,1,20,1,1,1,7,1,1,1,1,1,15,18,1,22,1,1,1,1,1,1,1,1,1,1,1,6,1,21,1,1,1
"ERR2836602",1,1,7,1,1,1,1,1,1,13,1,20,1,1,1,9,1,1,1,1,7,10,17,11,1,1,1,36,1,1,25,1,64,4,1,1
"ERR2836603",1,60,1,22,1,24,1,1,1,62,1,1,1,1,5,64,1,15,70,9,1,1,1,93,1,1,1,62,1,23,1,128,135,41,1,92
"ERR2836604",1,7,4,1,1,1,1,23,1,1,7,1,1,1,1,1,1,1,1,1,1,1,24,1,1,1,1,1,1,1,1,1,1,1,1,1
"ERR2836605",1,35,1,1,1,1,1,1,1,84,16,1,656,55,14,48,1,1,67,1,1,1,58,14,1,1,134,43,1,1,26,1,78,48,1,11
"ERR2836606",1,151,17,1,1,1,1,1,43,1,1,1,1,1,1,7,1,1,1,47,1,74,27,1,7,1,1,1,39,1,1,1,8,44,1,10
"ERR2836607",1,48,8,7,44,1,1,1,1,32,1,33,28,29,1,41,1,17,96,1,7,1,42,423,1,32,11,20,1,9,34,142,183,266,1,446
"ERR2836608",1,1,1,1,1,1,628,86,1,1,1,1,1,1,32,156,1,1,1,1,1,91,150,1,1,1,1,1,39,1,1,1,1,1,1,1
"ERR2836609",1,1,1,1,1,1,1,1,1,1,185,61,1,1,1,1,1,1,1,1,1,14,75,31,1,1,1,1,42,1,1,1,1,1,1,1
"ERR2836610",1,1,1,1,1,1,149,347,10,41,1,1,1,1,1,92,1,1,1,1,15,144,19,1,1,1,1,25,22,1,1,1,1,1,188,1
"ERR2836611",1,1,1,1,5,1,1,558,116,1,190,1,1,1,1,1,72,1,1,1,1,48,1,1,1,1,1,1,31,1,1,1,1,1,531,1
"ERR2836612",1,1,1,1,1,1,72,1,1,1,1,1,325,94,1,415,1,1,280,1,1,1,112,332,1,1,40,28,1,1,1,1,49,1,33,1
"ERR2836613",1,1,1,1,1,1,42,1,1,1,1,1,1,1,1,7,1,1,1,3,1,1,1,1,1,1,1,1,1,1,1,1,1,1,15,1
"ERR2836614",1,1,1,1,1,1,1,230,1,1,19,27,1,1,9,1,1,1,1,1,1,19,39,1,1,1,1,1,1,1,1,1,35,1,1,1
"ERR2836615",1,1,1,1,1,1,1,25,3,1,1,1,1,6,4,25,12,1,1,5,1,31,1,27,1,25,1,1,26,1,1,1,1,1,4,1
"ERR2836616",1,13,14,1,1,1,1,1,1,1,1,4,1,18,18,1,11,1,44,1,1,1,1,1,1,31,10,1,1,1,14,25,68,1,1,1
"ERR2836617",1,1,1,1,1,1,1,1048,1,1,1,1,1,1,1,5,1,1,1,1,13,11,1,49,1,18,1,34,27,1,1,1,162,8,155,1
"ERR2836618",1,32,1,52,219,10,1,1,1,109,1,1,221,1,16,153,1,36,215,53,1,1,1,23,9,1,1,1,1,1,13,70,76,140,1,1
"ERR2836619",61,35,1,1,341,40,1,1,1,118,1,1,1,30,7,40,23,1,1,1,15,1,29,1,1,1,1,29,1,1,19,48,58,151,1,5
"ERR2836620",1,1,10,1,1,1,68,1,19,1,75,66,30,9,1,49,100,1,1,1,1,1,27,1,1,1,18,1,1,1,1,1,1,1,1,1
"ERR2836621",1,8,1,1,1,1,1,1,1,1,6,9,1,1,1,1,1,1,1,1,1,1,1,1,1,1,1,1,1,1,1,1,18,1,1,1
"ERR2836623",14,1,1,1,1,1,570,1,1,1,7,20,1,1,1,727,1,1,1,1,24,181,128,1,1,1,47,1,18,1,1,1,1,1,1,1
"ERR2836624",133,1,1,1,8,1,39,1,52,1,120,1,79,1,1,243,45,1,6,1,1,134,1,1,1,1,1,1,20,1,10,1,1,1,1,1
"ERR2836625",1,1,48,1,1,1,1,1,106,1,1,1,1,1,1,1,13,1,1,1,1,49,49,1,58,1,6,29,11,1,1,29,89,1,328,1
"ERR2836626",1,48,1,3,1,1,70,1,48,1,1,13,1,1,1,47,89,1,7,1,19,1,20,1,1,1,1,44,1,1,1,1,108,1,1,6
"ERR2836627",1,1,4,1,1,1,1,21,1,1,12,1,1,1,1,15,1,1,1,1,1,1,25,1,1,1,1,1,1,1,1,1,21,1,44,1
"ERR2836628",1,1,20,1,27,1,1,7,1,1,83,1,29,1,4,39,45,1,1,10,1,39,43,1,1,1,10,1,1,1,7,1,1,30,1,13
"ERR2836629",1,1,1,41,1,1,1,1,1,3,1,1,1,1,1,12,1,6,37,1,1,1,19,1,1,1,1,1,1,1,14,1,53,76,1,1
"ERR2836630",1,1,1,1,1,1,1,1,1,1,1,1,1,1,1,1,1,1,1,1,1,1,1,1,1,1,1,1,1,1,1,1,1,1,1,1
"ERR2836631",1,1,1,1,1,1,1,1,1,1,1,1,1,1,1,34,1,1,102,1,1,60,54,1,18,1,1,1,1,1,15,1,31,125,1,1
"ERR2836632",1,1,1,1,1,1,1,1,1,1,1,1,1,1,1,1,1,5,9,1,1,1,1,1,1,1,1,1,1,1,13,1,42,19,1,1
"ERR2836633",49,12,15,1,1,54,1,1,8,15,11,1,4,1,1,1,5,1,67,1,1,1,1,36,1,1,1,11,1,4,1,44,38,133,1,1
"ERR2836634",43,63,21,1,1,1,1,1,1,1,8,1,63,14,63,449,11,1,1,23,7,11,60,28,10,1,37,1,1,1,45,1,145,1,1,161
"ERR2836635",1,29,15,1,1,1,1,1,1,1,1,1,1,7,7,29,1,1,1,1,1,1,20,1,1,1,1,17,1,1,19,35,33,1,118,1
"ERR2836636",1,20,1,1,1,1,1,1,1,1,34,1,12,1,1,31,1,5,18,1,1,1,14,1,1,1,1,1,1,1,17,16,52,1,1,1
"ERR2836637",1,1,15,1,1,1,1,60,18,1,1,1,1,1,1,36,21,1,1,1,1,205,1,1,1,1,19,1,12,1,1,1,1,1,1,1
"ERR2836638",206,1,1,1,1,1,1,88,1,1,15,1,1,1,1,102,78,13,1,1,1,1,37,1,1,1,1,63,1,1,21,1,25,1,1,1
"ERR2836639",1,1,1,1,1,1,1,1,1,1,17,1,1,1,1,1,10,1,1,1,1,58,1,1,1,1,1,1,12,1,1,1,1,1,28,1
"ERR2836640",12,16,1,1,1,8,1,1,1,1,1,17,22,8,1,22,1,1,1,1,1,1,33,1,1,1,1,18,1,1,21,21,72,96,1,8
"ERR2836641",6,23,1,1,36,1,1,52,1,1,43,39,40,1,1,1,50,1,19,1,1,1,24,16,1,4,1,1,1,1,13,1,10,1,28,1
"ERR2836642",1,1,31,92,1,25,1,1,1,1,1,1,1,1,1,1,33,1,81,4,20,1,66,39,1,1,1,1,1,1,48,36,129,1,1,1
"ERR2836643",1,4,31,1,1,1,48,842,34,8,31,1,1,1,1,312,23,1,1,1,1,111,37,1,1,1,1,1,1,1,1,1,1,25,259,1
"ERR2836644",107,1,17,445,1,1,1,1,1,1,1,1,51,1,1,163,425,1,58,1,9,1,1,1,1,1,15,39,1,1,30,30,118,1,1,35
"ERR2836645",1,1,15,1,1,15,1,1,7,49,1,1,1,1,5,59,1,14,1,5,1,1,96,1,1,1,1,55,1,14,1,1,1,237,9,1
"ERR2836646",1,59,1,1,1,1,1,58,1,1,1,1,1,126,1,299,63,1,17,51,1,1,1,6,1,94,24,48,36,1,1,1,66,1,124,1
"ERR2836647",53,1,1,45,127,1,1,1,4,20,1,1,26,37,12,44,1,31,12,1,1,1,1,1,21,1,1,1,1,1,1,37,78,62,1,11
"ERR2836648",47,13,1,3,1,1,1,24,1,29,1,1,1,14,8,47,1,1,19,9,1,1,32,72,1,1,1,20,1,6,13,1,1,44,1,1
"ERR2836649",223,16,19,1,49,1,1,32,29,75,1,1,1,32,1,116,1,1,569,1,1,43,52,26,46,1,1,1,1,1,68,1,238,126,1,1
"ERR2836650",1,1,1,1,1,1,37,1,9,1,22,1,36,1,1,22,17,1,1,1,1,1,1,25,254,1,15,1,1,1,10,1,31,1,1,1
"ERR2836651",1,1,86,1,1,1,64,359,11,1,77,1,71,1,1,35,1,1,1,1,1,1,20,1,1,1,41,1,1,1,1,1,29,1,52,1
"ERR2836652",94,1,1,1,1,1,178,1,43,1,74,1,106,1,1,67,29,1,1,12,1,1,1,3,1,1,99,1,1,1,20,1,103,1,1,1
"ERR2836653",1,1,1,1,59,1,1,1,1,3,1,1,81,1,1,17,1,1,1,1,1,1,24,1,1,1,1,1,1,1,4,1,21,34,1,1
"ERR2836654",1,1,1,1,1,1,1,54,1,1,1,1,1,1,1,1,21,1,1,1,1,11,65,1,1,1,1,15,1,1,1,1,1,1,1,1
"ERR2836655",1,1,1,1,1,1,88,134,1,1,234,1,322,1,1,77,80,1,1,76,1,1,82,39,1,6,1,1,1,1,43,156,43,1,44,644
"ERR2836656",1,1,1,1,1,1,604,1,49,1,1,1,1,1,1,1,12,1,1,1,1,49,1,1,1,1,1,1,28,1,1,1,1,1,1,1
"ERR2836657",181,1,1,1,1,1,1,53,1,4,12,23,1,1,1,122,21,1,5,1,1,38,1,1,1,1,1,1,1,1,1,1,1,1,36,4
"ERR2836658",21,1,1,1,85,1,1,1,1,1,1,1,1,1,1,1,1,1,7,1,1,1,1,1,1,1,1,1,1,1,1,1,1,1,1,1
"ERR2836659",77,1,1,1,1,1,125,1,1,1,1,1,1,1,1,10,29,1,1,1,1,107,1,1,20,1,1,1,1,1,1,1,1,1,1,1
"ERR2836660",1,1,15,1,1,1,1,64,1,1,1,22,1,1,1,1,10,1,1,10,1,1,1,1,1,1,21,52,1,1,1,1,1,1,1,1
"ERR2836661",1,1,19,1,1,1,1,95,1,1,17,1,85,36,1,40,27,1,1,22,17,11,191,1,1,1,34,26,13,1,1,1,33,1,1,1
"ERR2836662",1,1,17,1,1,1,1,1,1,115,65,1,183,1,1,35,29,1,47,1,1,1,39,7,1,1,25,1,1,1,27,23,53,1,1,1
"ERR2836663",1,20,3,36,1,1,1,1,1,1,1,1,1,1,1,53,51,10,58,1,1,1,1,1,17,1,1,1,1,1,14,23,56,1,1,1
"ERR2836664",1,1,1,1,1,1,1,1,1,1,1,1,1,1,12,26,22,14,8,35,8,1,1,1,1,1,1,33,1,1,13,1,1,1,37,1
"ERR2836665",1,1,10,1,1,1,42,1,1,1,1,1,1,1,1,1,12,1,1,1,1,1,41,1,1,1,1,1,1,1,25,1,58,1,1,1
"ERR2836666",1,1,1,1,1,1,1,394,1,1,1,1,1,1,1,1,1,1,1,1,1,86,1,1,1,1,1,1,1,1,1,1,1,1,53,1
"ERR2836667",140,53,40,4,1,1,1,261,1,1,340,1,1,32,1,70,25,1,59,1,1,1,40,1,1,1,1,65,1,1,21,1,76,5,1,1
"ERR2836668",1,1,1,1,1,1,1,316,1,1,89,1,108,1,1,88,15,1,1,1,1,39,49,1,1,1,1,45,17,1,1,1,1,1,148,1
"ERR2836669",1,1,1,1,1,1,1,1,25,1,30,1,148,1,1,1,17,1,1,1,1,1,27,14,1,1,1,34,1,1,1,53,44,1,1,1
"ERR2836670",34,1,1,1,1,1,1,17,1,1,1,1,35,1,1,5,1,1,1,1,1,1,36,1,1,1,1,1,1,1,1,1,1,1,15,1
"ERR2836671",1,19,14,1,1,1,1,1,1,27,1,1,1,1,1,1,12,19,93,1,1,107,1,1,1,1,1,1,1,1,1,1,1,1,1,1
"ERR2836672",1,1,1,1,1,1,1,239,1,1,1,1,119,1,1,1,16,1,50,1,1,1,1,1,1,1,1,12,1,1,14,1,26,1,21,1
"ERR2836673",1,1,1,1,1,1,53,1,1,1,1,1,1,1,1,1,47,1,34,39,1,260,65,1,1,1,1,1,38,1,1,1,1,19,328,1
"ERR2836674",93,1,1,1,1,1,219,550,1,1,40,1,1,70,1,334,14,1,1,6,1,257,54,1,1,1,1,1,18,1,1,1,1,1,29,1
"ERR2836675",1,1,1,1,1,1,282,24,1,1,1,1,1,1,1,1385,84,1,1,118,1,19,243,53,9,1,1,1,1,1,1,1,1,1,73,1
"ERR2836676",1,3,1,1,1,1,1,240,28,1,1,1,1,1,1,223,601,1,169,1,1,50,50,1,1,1,1,1,1,1,5,1,1,1,1,1
"ERR2836677",1,1,79,1,1,1,1,277,1,1,710,1,1,69,5,160,6,1,1,117,1,1,1,60,1,1,65,15,1,1,85,99,34,1,1,1
"ERR2836678",1,1,1,1,1,1,104,95,1,1,122,73,1,1,1,13,29,1,1,39,18,1,1,1,1,1,1,1,1,1,9,1,49,1,240,67
"ERR2836679",27,1,1,16,84,47,1,1,1,21,1,1,1,1,3,20,1,1,26,1,1,1,1,1,1,1,5,1,1,1,1,1,22,73,1,1
"ERR2836680",117,14,1,1,1,1,1,81,1,1,56,1,78,1,3,19,1,1,1,1,1,1,52,10,1,1,12,9,1,1,11,1,24,1,1,1
"ERR2836681",1,1,1,1,1,1,1,1,1,7,3,1,1,1,1,1,1,1,1,1,1,1,17,48,1,1,1,1,1,1,1,1,1,9,1,1
"ERR2836682",80,1,1,1,1,1,1,52,1,1,1,1,1,1,1,1,1,1,1,1,1,193,1,34,1,1,1,1,1,1,1,1,1,1,11,1
"ERR2836683",14,1,1,1,124,1,1,1,1,1,1,1,24,1,4,30,25,8,50,1,1,1,1,1,1,1,1,1,1,11,1,1,27,52,1,1
"ERR2836684",1,1,12,1,1,1,247,1,1,1,1,1,62,1,1,1,1,1,1,1,1,32,36,1,1,1,1,1,11,1,1,1,12,1,1,1
"ERR2836685",1,1,1,1,1,1,658,1,1,1,1,1,753,1,1,405,59,1,1,11,49,199,336,1,1,1,189,1,33,1,1,1,1,1,1,1
"ERR2836686",1,1,1,1,1,1,1,1,1,1,1,1,1,1,1,1,1,1,1,1,1,1,1,1,1,1,1,1,1,1,1,1,1,1,1,1
"ERR2836687",31,1,1,1,1,1,1,42,1,1,60,18,157,1,1,6,1,1,1,1,1,1,1,1,1,1,1,1,14,1,1,1,1,1,8,1
"ERR2836688",1,11,16,1,1,1,1,1,3,1,1,1,115,1,1,42,17,1,31,1,1,1,22,1,15,1,1,1,1,1,41,126,50,1,69,1
"ERR2836689",1,1,36,1,1,1,99,1,1,1,1,557,1,1,1,82,54,1,1,1,11,19,65,1,1,1,44,1,23,1,44,1,1,1,10,1
"ERR2836690",1,1,1,1,1,1,235,320,1,1,12,1,1,1,1,29,38,1,1,1,4,85,1,1,1,1,65,1,31,1,1,1,1,1,3,1
"ERR2836691",1,46,14,1,5,46,21,1,1,36,1,1,20,1,1,25,1,1,1,7,1,1,26,1,1,1,1,1,1,1,18,23,10,83,1,1
"ERR2836692",1,1,7,1,1,1,1,1,1,1,1,1,1,1,1,16,1,1,1,1,1,1,17,1,1,1,1,1,6,1,8,1,62,1,1,1
"ERR2836693",1,1,1,1,1,1,80,1,1,1,1,1,1,1,120,1,10,1,1,1,1,67,1,1,1,1,1,1,13,1,1,1,1,1,279,1
"ERR2836694",19,11,26,1,1,1,25,1,1,1,5,1,235,27,10,197,48,17,257,36,1,1,1,1,1,1,56,21,1,1,1,143,171,405,1,1
"ERR2836695",1,1,1,1,1,1,1,188,1,1,1,1,1,1,1,1,57,1,1,6,1,1,1,1,1,1,1,1,1,1,1,1,1,1,1,1
"ERR2836696",1,1,11,1,1,1,1,1,1,1,35,1,1,1,1,1,11,1,1,1,1,1,22,1,1,1,23,28,1,1,1,29,12,1,81,1
"ERR2836697",96,1,1,1,159,1,1,1,1,1,1,1,1,1,6,1,27,1,1,1,1,1,1,1,1,1,1,27,1,1,1,1,4,1,1,1
"ERR2836698",1,1,1,1,1,1,1,730,38,1,150,1,1,1,1,65,159,1,1,1,11,1,86,1,1,1,17,30,1,1,30,1,41,1,105,1
"ERR2836699",59,66,21,1,1,1,1,101,56,1,7,1,1,41,34,91,40,1,1,1,5,1,1,1,1,1,1,1,12,1,29,1,1,1,1,17
"ERR2836700",1,1,1,1,1,1,29,1,1,1,1,1,1,1,1,1,1,1,1,1,1,16,1,1,1,1,16,1,1,1,1,9,1,1,1,1
"ERR2836701",1,1,1,1,1,1,24,1,1,1,51,1,1,1,1,1,1,1,1,1,1,1,54,1,13,1,7,32,1,1,1,1,41,1,51,1
"ERR2836702",1,1,50,1,1,1,1,933,59,1,1,6,1,1,1,93,40,1,1,1,27,202,98,1,1,1,82,70,44,1,1,1,48,1,214,1
"ERR2836703",67,1,1,1,1,1,45,1,43,1,264,94,28,1,1,79,13,1,1,1,1,26,1,1,1,1,51,1,1,1,1,1,1,1,103,1
"ERR2836704",1,1,1,1,1,30,1,23,1,1,1,1,1,1,1,1,10,1,1,1,1,43,37,1,1,1,1,1,20,1,1,1,10,11,1,1
"ERR2836705",166,1,3,1,323,1,1,153,1,1,1,1,8,1,1,1,4,1,1,1,1,1,33,1,1,1,1,1,1,1,1,1,4,1,20,1
"ERR2836706",1,63,1,1,1,1,1,1,1,1,1,31,1,4,1,29,1,23,39,1,1,1,65,1,1,1,6,28,1,4,1,75,76,1,1,1
"ERR2836707",82,95,1,1,1,44,1,1,21,1,1,1,1,1,27,61,15,1,86,1,11,1,1,1,1,1,1,1,1,12,45,62,97,1,1,1
"ERR2836708",1,1,6,1,1,1,1,30,5,1,14,1,83,1,1,22,25,1,39,1,1,1,40,1,1,1,18,1,1,4,1,111,98,26,1,1
"ERR2836709",1,36,1,1,1,1,1,50,1,1,311,1,88,1,1,89,21,1,1,13,1,1,44,1,1,1,1,1,1,1,1,1,1,1,1,1
"ERR2836710",1,1,31,1,1,1,1,1,1,1,1,1,1,1,1,1,36,1,1,1,1,125,180,1,1,1,163,1,49,1,1,1,1,1,1,1
"ERR2836711",271,1,46,1,1,1,79,52,1,1,1,1,1,1,1,39,35,1,1,6,1,28,26,1,1,1,9,25,1,1,1,1,37,1,1,1
"ERR2836712",190,1,1,1,1,1,1,1,1,1,1,1,1,1,1,44,23,1,1,1,1,340,41,1,1,1,1,1,17,1,1,1,1,1,1,1
"ERR2836713",1,1,43,1,1,1,209,1629,1,1,1,1,1,1,1,271,46,1,1,1,1,1,79,1,1,1,1,1,1,1,19,1,1,1,483,1
"ERR2836714",1,1,1,1,1,1,1,1,36,1,405,1,1,1,1,136,1,1,1,53,1,71,100,1,1,1,1,1,19,1,1,1,1,1,591,1
"ERR2836715",102,1,26,1,1,1,1,1172,30,1,356,541,1,1,1,1,50,1,1,1,1,1,48,1,1,1,71,1,23,1,53,1,160,1,160,1
"ERR2836716",1,1,5,1,1,1,1,1,1,1,50,18,1,1,1,1,8,1,1,1,1,42,1,1,1,1,31,1,1,1,26,1,1,1,28,1
"ERR2836717",1,1,16,1,1,1,1,163,1,1,138,1,129,1,1,1,1,1,1,69,1,1,61,1,1,17,29,1,1,1,1,1,1,1,93,204
"ERR2836718",1,1,14,275,1,1,1,51,1,1,1,1,1,1,1,1,1,1,1,1,1,13,9,1,1,1,1,53,1,1,1,37,42,1,1,27
"ERR2836719",51,74,23,70,46,70,1,99,1,53,1,4,1,63,1,72,1,1,280,1,1,27,1,1,4,1,1,48,39,16,1,49,49,1,1,1
"ERR2836720",1,28,6,1,18,24,28,1,1,1,1,1,1,20,7,35,83,9,64,1,21,1,61,23,1,49,60,91,1,43,12,66,130,12,1,19
"ERR2836721",19,1,1,1,1,1,1,7,1,31,1,1,1,1,1,15,1,1,4,14,1,1,1,1,1,1,1,10,1,1,1,1,25,1,1,1
"ERR2836722",141,8,1,6,1,84,1,223,1,30,1,1,1,15,1,42,1,1,1,1,10,121,1,1,1,14,1,1,8,1,1,1,10,1,1,1
"ERR2836723",1,1,1,1,5,1,1,1,1,1,1,1,1,1,1,1,1,1,1,1,1,1,1,1,1,1,1,1,1,1,1,1,1,9,1,1
"ERR2836724",1,1,1,1,1,1,1,1,1,1,1,1,1,1,8,1,1,1,1,1,1,1,15,1,1,1,1,22,1,1,1,1,16,1,1,1
"ERR2836725",1,1,1,1,1,1,1,1,66,1,1,1,1,1,1,154,59,83,275,1,1,1,1,1,1,1,1,1,31,1,1,73,327,1,1,1
"ERR2836726",1,1,1,1,1,1,1,1,1,1,1,1,1,1,1,1,1,146,654,1,1,1,1,1,1,1,38,31,1,1,1,1,152,1,1,1
"ERR2836727",23,7,1,1,1,9,1,1,1,1,1,1,1,1,1,8,1,1,48,1,1,1,16,1,1,1,1,1,1,1,1,1,13,48,1,1
"ERR2836728",17,1,1,1,1,1,1,1,5,10,1,6,1,8,1,1,1,1,18,1,1,1,1,7,1,1,1,1,1,1,7,35,11,22,1,1
"ERR2836729",1,1,1,1,1,1,1,1,1,1,1,1,1,1,1,3,1,1,1,1,1,1,1,6,1,1,1,20,1,1,1,1,8,1,1,1
"ERR2836730",1,1,1,1,1,1,1,1,32,1,1,101,1,1,1,50,15,10,291,18,7,1,1,28,1,18,29,1,14,1,1,1,37,1,1,1
"ERR2836731",36,1,1,1,67,1,1,1,1,5,1,1,1,4,1,28,25,12,1,1,1,1,1,1,1,1,1,1,8,1,1,1,40,77,1,1
"ERR2836732",18,1,1,1,114,1,1,1,1,5,1,1,1,1,1,9,1,12,68,1,1,1,12,1,1,1,1,1,5,1,1,1,1,127,1,1
"ERR2836733",108,1,1,1,261,19,1,7,1,36,1,1,1,1,4,167,67,24,128,5,1,1,1,1,1,1,12,28,1,1,1,1,54,388,1,1
"ERR2836734",1,1,6,1,109,18,1,1,1,7,1,5,33,13,20,82,36,59,54,1,1,1,32,87,1,1,1,1,1,1,1,1,34,268,1,1
"ERR2836735",80,1,1,1,105,22,1,6,1,38,1,1,1,9,1,129,33,30,66,1,1,1,20,1,1,1,1,1,10,5,27,1,64,211,1,1
"ERR2836736",1,1,11,1,216,14,202,1,1,97,1,1,481,24,11,194,1,33,271,86,1,1,73,11,15,12,26,58,5,30,25,1,133,77,1,1
"ERR2836737",1,3,1,32,1,1,1,1,1,1,1,1,1,1,1,1,23,1,14,28,1,1,30,1,1,17,12,1,1,1,1,34,39,1,1,1
"ERR2836738",1,1,1,1,1,1,1,1,1,1,1,1,1,1,1,1,1,1,10,1,1,1,1,1,1,1,5,1,1,1,1,15,1,1,1,1
"ERR2836739",1,1,1,1,1,1,1,1,1,1,1,1,11,1,1,1,1,4,1,1,1,1,1,1,1,1,1,1,1,1,12,19,1,1,1,8
"ERR2836740",1,12,5,1,1,1,1,1,1,9,1,1,13,1,1,1,20,16,36,8,1,1,1,1,1,1,1,1,1,11,1,39,66,1,1,17
"ERR2836741",1,1,1,68,1,1,1,1,1,1,1,1,1,1,1,20,19,1,3,1,1,1,1,1,1,1,1,19,1,1,1,27,39,36,1,5
"ERR2836742",1,1,6,85,1,14,1,1,1,46,1,1,1,1,1,1,1,1,4,4,1,1,1,1,1,1,1,1,1,1,25,74,55,26,1,1
"ERR2836743",17,15,1,24,1,1,1,1,1,11,1,1,1,1,1,1,45,8,50,1,1,1,1,1,45,21,1,1,1,1,11,1,49,60,1,1
"ERR2836744",1,25,1,1,1,1,1,1,1,14,1,1,1,1,1,22,14,1,45,1,1,1,1,1,1,1,1,1,1,8,30,41,98,49,1,1
"ERR2836745",1,11,1,22,1,1,1,1,1,22,1,1,1,1,1,25,1,1,1,1,1,1,1,1,1,1,1,1,1,1,16,25,56,43,1,1
"ERR2836746",1,24,1,19,1,1,1,1,1,1,1,1,21,1,5,32,11,4,65,1,1,1,1,8,1,1,6,1,1,1,1,53,95,83,1,1
"ERR2836747",13,1,1,11,1,8,1,1,1,1,1,1,1,1,1,1,1,1,18,1,1,1,1,1,1,1,3,1,1,1,7,1,21,1,1,1
"ERR2836748",1,1,1,20,1,1,1,1,1,5,1,1,1,1,1,1,1,7,21,1,1,1,1,6,1,1,4,1,1,1,8,1,22,34,1,1
"ERR2836749",1,1,1,11,1,5,1,1,1,32,1,1,1,3,1,1,1,1,1,1,1,1,12,1,1,1,8,32,1,5,16,52,99,97,1,1
"ERR2836750",1,14,1,1,1,1,1,1,1,1,1,1,1,11,1,38,1,20,72,1,1,19,1,44,1,10,1,1,1,9,10,83,88,1,1,81
"ERR2836751",1,1,1,59,1,4,1,1,1,50,1,1,1,1,1,1,1,1,1,31,1,1,1,1,4,1,1,22,1,1,1,1,54,1,1,19
"ERR2836752",1,1,1,88,1,1,1,1,1,1,1,1,1,9,1,8,24,1,1,61,1,1,1,34,1,1,1,1,1,1,11,44,29,1,1,1
"ERR2836753",1,1,1,85,1,28,48,1,1,1,1,1,1,1,1,10,1,1,23,62,1,1,1,20,1,1,1,1,1,8,33,44,93,83,1,1
"ERR2836754",1,24,8,6,1,1,1,1,6,5,1,18,1,1,1,38,1,28,71,20,1,1,1,69,1,1,1,1,1,9,37,94,98,1,1,66
"ERR2836755",1,4,1,38,1,3,1,1,1,1,1,1,1,8,1,33,9,5,84,24,1,1,38,31,1,19,1,10,1,13,1,14,19,63,1,1
"ERR2836756",1,28,1,1,1,15,1,1,1,1,1,1,1,15,6,1,12,16,85,26,1,1,40,1,1,1,4,1,1,1,20,71,99,39,1,1
"ERR2836757",1,22,1,9,1,7,1,1,1,1,1,1,1,1,3,13,3,5,1,11,1,1,1,27,1,1,1,12,1,1,20,53,90,18,1,14
"ERR2836758",1,18,1,27,1,1,1,1,1,1,1,1,1,1,1,29,1,3,43,1,1,1,24,1,1,11,9,1,1,9,18,39,70,52,1,40
"ERR2836759",1,7,1,6,1,7,1,1,1,4,1,1,1,1,1,10,5,11,59,1,1,1,43,62,1,1,1,1,1,1,23,75,85,51,1,30
"ERR2836760",1,1,1,1,1,1,1,1,1,1,1,1,1,1,1,60,42,1,1,1,1,1,17,1,1,1,1,1,1,1,1,1,1,1,1,1
"ERR2836761",1,1,1,1,1,1,1,22,4,1,1,1,1,10,1,9,1,1,1,12,7,1,1,9,1,30,1,1,1,1,1,1,17,1,1,1
"ERR2836762",1,1,1,1,1,1,1,1,1,1,1,1,1,8,1,37,1,1,1,1,1,1,1,31,1,1,1,1,1,1,1,1,1,1,1,1
"ERR2836763",1,1,1,1,1,1,1,26,1,1,1,16,1,1,1,14,1,1,1,1,1,1,1,1,1,1,1,1,1,1,1,1,28,1,27,1
"ERR2836764",1,19,1,1,1,1,1,36,1,1,1,5,1,1,1,1,1,1,1,1,1,1,1,1,1,16,1,1,1,1,12,12,59,1,37,1
"ERR2836765",1,4,1,1,1,1,1,23,7,1,1,34,1,1,1,15,1,1,1,1,1,1,1,1,1,29,1,1,1,1,1,1,13,1,37,1
"ERR2836766",1,16,1,1,1,1,18,1,1,74,1,1,230,74,48,522,31,1,82,1,1,1,37,1,22,1,22,62,1,20,20,46,90,173,1,35
"ERR2836767",1,1,1,1,1,1,1,1,1,1,1,1,1,1,1,10,1,1,5,1,1,1,1,1,30,1,1,1,1,9,8,1,52,7,1,1
"ERR2836768",1,4,1,5,1,1,1,1,1,1,1,1,1,3,1,17,1,1,1,1,1,1,1,1,1,8,1,1,1,1,1,1,40,8,1,1
"ERR2836769",1,1,1,1,1,1,1,1,1,1,1,1,1,1,1,10,1,1,4,1,1,1,1,1,1,1,5,1,1,1,1,23,22,7,1,1
"ERR2836770",1,1,1,1,1,1,1,1,1,1,1,1,1,1,1,4,1,1,1,1,1,1,1,1,1,1,1,1,1,1,7,1,1,1,1,1
"ERR2836771",1,1,4,11,1,1,1,1,1,1,1,1,1,8,1,1,1,1,1,1,1,1,1,1,1,1,1,1,1,1,9,74,1,1,1,1
"ERR2836772",1,1,1,1,1,1,1,1,1,1,1,1,1,10,1,1,1,1,1,7,1,1,1,24,1,1,1,1,1,5,5,79,42,1,1,1
"ERR2836773",1,1,1,1,1,1,1,1,1,24,1,34,1,1,1,98,1,27,143,1,9,1,54,12,1,1,23,66,1,40,31,49,90,47,1,47
"ERR2836774",1,1,1,5,8,10,1,1,1,14,1,24,1,45,1,73,1,19,55,1,16,1,45,44,1,21,1,1,1,18,24,84,98,113,1,54
"ERR2836775",1,1,1,1,1,1,1,1,1,1,1,9,1,1,1,1,1,1,1,1,1,1,1,1,1,1,1,1,1,1,1,12,24,15,1,1
"ERR2836776",1,1,1,4,1,3,1,1,1,1,1,1,1,6,1,1,1,1,1,1,1,1,22,1,1,1,1,1,1,1,8,1,33,18,1,3
"ERR2836777",1,4,1,11,1,7,1,1,1,4,1,1,1,1,13,37,17,1,1,1,1,1,1,1,59,28,1,1,1,1,1,1,1,78,1,1
"ERR2836778",1,69,1,35,1,48,1,1,1,19,1,1,1,1,57,139,11,27,217,39,1,1,1,136,1,58,1,63,1,63,38,141,313,111,1,124
"ERR2836779",1,4,1,33,1,1,1,1,1,1,1,1,21,14,4,72,62,1,177,22,1,1,1,99,22,1,1,14,1,1,10,1,10,418,1,3
"ERR2836780",1,20,1,96,1,38,1,1,1,1,1,1,237,1,40,207,59,73,226,1,1,1,85,1,1,1,7,1,1,26,52,42,124,11,1,1
"ERR2836781",1,32,1,31,1,1,1,1,1,3,1,1,75,28,9,130,35,1,87,1,1,1,1,1,7,20,14,32,5,13,1,13,37,415,1,1
"ERR2836782",1,64,1,1,1,84,1,1,46,1,1,1,15,29,1,75,16,17,125,1,8,1,1,1,1,91,6,48,1,17,20,35,46,651,1,1
"ERR2836783",5,1,1,1,26,1,1,1,1,1,1,1,1,6,1,7,1,1,1,1,1,1,1,1,1,1,1,1,1,1,8,1,1,1,1,1
"ERR2836784",1,1,1,29,51,1,1,1,1,1,1,1,1,1,1,12,25,1,1,1,1,1,1,1,1,1,1,1,1,1,10,1,1,1,1,1
"ERR2836785",1,1,1,27,89,7,1,1,1,1,1,1,1,1,1,15,1,1,1,1,5,1,1,1,1,1,1,1,1,1,1,1,9,1,1,1
"ERR2836786",10,1,1,31,42,1,1,1,1,1,1,1,1,7,1,1,1,1,1,1,1,1,1,1,1,1,1,1,1,1,10,16,1,1,1,1
"ERR2836787",58,1,1,64,101,35,1,1,1,1,1,1,1,1,10,41,50,1,1,1,16,1,1,46,1,1,1,22,1,1,14,1,65,1,1,1
"ERR2836788",6,1,1,42,84,22,1,1,1,1,1,1,1,1,1,6,1,5,1,1,1,1,23,1,1,1,1,1,1,1,1,36,1,17,1,1
"ERR2836789",1,1,1,1,1,21,1,1,4,30,1,1,76,16,1,140,1,1,54,1,1,1,1,1,1,1,5,1,1,1,1,1,37,1,8,1
"ERR2836790",1,31,1,1,1,1,1,1,16,10,1,303,190,52,1,123,1,1,207,1,1,24,40,68,25,40,1,1,1,40,8,504,68,1,42,361
"ERR2836791",1,5,1,11,1,8,1,1,1,33,1,60,829,70,1,204,1,33,196,59,1,1,52,58,1,10,1,1,1,1,14,136,103,1,1,39
"ERR2836792",1,6,6,21,1,49,26,1,33,134,1,1,799,29,8,143,1,1,400,29,1,1,63,1,1,1,18,1,1,1,1,100,169,1,20,361
"ERR2836793",1,1,1,1,1,1,54,1,1,25,1,35,723,1,1,77,1,14,167,68,1,1,65,1,1,1,15,1,1,1,1,60,99,1,10,1
"ERR2836794",1,1,1,51,1,35,25,1,1,35,8,1,459,66,6,224,29,1,150,1,1,1,52,17,7,1,1,37,1,10,1,1,45,1,1,8
"ERR2836795",1,1,1,1,1,1,1,1,1,3,1,1,131,4,1,12,1,1,1,11,1,1,41,1,15,32,7,1,1,11,1,24,1,1,4,68
"ERR2836796",1,1,1,1,1,1,1,12,1,1,1,1,1,11,1,31,38,1,83,1,6,1,1,1,1,1,1,1,1,1,1,1,11,48,1,1
"ERR2836797",161,1,1,1,1,1,1,40,1,1,132,1,65,40,1,156,34,1,422,1,1,1,1,29,1,1,27,28,6,1,1,1,52,99,1,1
"ERR2836798",185,1,1,1,1,1,1,1,1,1,22,5,131,1,1,129,53,1,150,3,5,18,21,1,1,1,8,1,1,1,1,1,9,405,1,1
"ERR2836799",165,14,1,1,1,1,1,1,36,37,45,1,1,22,1,153,1,1,377,27,17,1,1,45,1,1,1,1,1,1,11,1,1,219,1,1
"ERR2836800",38,1,1,1,1,1,1,1,30,15,1,1,70,1,1,1,1,1,33,1,11,9,1,1,1,6,1,1,1,1,1,1,10,26,1,15
"ERR2836801",218,1,1,1,1,1,1,1,1,34,1,1,1,1,1,97,49,1,387,135,1,52,1,1,1,1,1,1,1,1,1,1,1,359,1,1
"ERR2836802",1,1,1,1,1,1,1,1,1,1,47,1,1,1,43,234,27,1,388,1,34,1,16,1,66,1,1,98,21,1,1,1,1,326,1,1
"ERR2836803",1,11,1,1,59,1,1,1,1,1,1,1,41,1,1,5,1,1,53,1,9,1,1,1,1,1,1,1,1,1,1,1,18,54,1,1
"ERR2836804",1,7,1,1,1,1,1,8,1,1,1,1,1,1,1,1,1,1,6,1,1,1,1,1,1,1,1,1,1,1,1,1,11,1,1,1
"ERR2836805",68,1,1,1,70,1,7,1,5,1,1,1,68,1,6,75,27,1,142,35,1,1,1,1,1,1,1,1,5,1,8,1,24,198,1,1
"ERR2836806",51,8,1,1,107,1,1,6,1,1,1,1,310,1,23,91,9,1,171,1,1,1,47,15,1,1,43,16,1,1,1,1,27,295,1,1
"ERR2836807",33,15,1,4,176,1,1,1,1,1,1,1,29,19,13,82,21,1,112,17,1,1,1,53,1,9,8,25,1,1,1,1,41,140,1,1
"ERR2836808",113,40,1,1,147,1,1,1,22,4,1,1,143,20,1,214,1,1,276,1,1,1,1,1,82,1,12,1,1,1,1,1,27,368,1,1
"ERR2836810",1,1,1,396,205,1,1,37,1,244,1,35,1,1,25,44,24,1,97,1,17,1,96,16,1,5,1,191,1,24,31,61,120,173,1,1
"ERR2836811",1,1,1,31,31,1,1,5,1,26,1,1,1,1,1,1,5,1,22,13,1,1,1,19,9,1,14,1,1,1,1,1,1,68,1,1
"ERR2836812",1,1,1,77,14,1,1,1,1,88,1,4,1,1,3,20,1,1,59,11,1,1,53,40,1,20,1,54,1,1,1,42,33,191,1,1
"ERR2836813",1,1,15,188,242,1,1,1,12,97,1,63,1,43,29,81,1,1,191,1,1,1,28,1,1,1,1,140,1,6,20,49,51,437,1,1
"ERR2836814",1,1,17,92,190,1,1,1,1,275,1,1,1,1,1,1,1,1,64,1,1,1,1,1,1,1,1,40,1,4,40,82,31,128,1,1
"ERR2836815",7,1,1,76,166,1,1,16,46,295,1,16,1,1,1,89,8,1,143,1,1,1,1,59,1,14,15,60,1,12,57,51,142,437,10,1
"ERR2836816",1,1,1,49,67,1,1,1,1,103,1,36,1,52,21,23,9,1,72,1,1,1,50,10,1,8,79,18,1,13,53,1,105,594,1,1
"ERR2836817",40,1,1,1,1,1,35,1,12,1,1,1,1,1,9,56,50,1,125,15,1,1,47,1,9,15,1,39,1,18,1,1,1,1,1,1
"ERR2836818",1,1,7,1,1,1,1,30,6,1,1,51,1,1,1,129,103,1,429,1,13,1,104,1,1,1,1,65,1,36,1,1,39,1,29,1
"ERR2836819",1,1,1,1,1,1,1,1,1,1,1,1,1,1,1,1,24,1,1,1,1,1,27,41,1,1,1,1,1,1,1,1,1,1,1,1
"ERR2836820",51,1,1,1,1,1,12,20,1,1,1,1,1,1,11,1,33,1,102,1,1,1,58,1,19,8,1,39,1,1,1,1,1,1,1,1
"ERR2836821",74,1,1,1,1,1,15,21,1,1,1,1,21,31,32,111,82,1,272,1,1,1,57,108,1,1,1,24,1,1,8,1,1,1,1,1
"ERR2836822",28,1,1,1,1,1,39,1,1,1,1,11,1,1,7,35,39,1,65,1,1,1,25,1,1,36,1,1,1,15,15,1,1,1,175,1
"ERR2836823",1,46,9,1,30,1,79,29,1,133,1,1,1,1,20,15,9,1,32,18,7,1,42,1,1,26,1,1,1,1,58,58,42,1,1,1
"ERR2836824",1,43,1,1,74,1,40,68,1,162,1,1,1,1,1,13,21,1,1,13,40,1,48,1,1,1,28,44,1,7,1,161,230,1,1,1
"ERR2836825",1,1,1,1,47,1,1,95,1,52,1,1,1,1,12,57,23,1,70,1,1,1,14,1,1,1,1,51,1,3,10,22,67,1,1,1
"ERR2836826",1,6,1,1,67,1,1,1,11,88,1,3,1,1,27,21,20,1,1,20,9,1,42,1,1,7,7,65,1,1,40,43,129,1,1,1
"ERR2836827",1,1,1,1,17,1,1,7,1,13,1,1,1,1,1,1,1,1,32,1,13,1,1,1,1,1,1,1,1,1,1,1,1,4,1,1
"ERR2836828",1,1,1,1,62,1,1,16,1,37,1,13,1,1,1,11,6,1,1,1,1,1,1,44,1,1,9,1,1,1,1,49,72,1,1,1
"ERR2836829",1,35,1,1,364,1,55,51,1,287,1,1,1,1,27,33,1,1,244,1,1,1,53,78,1,1,3,61,1,1,1,52,437,1,1,1
"ERR2836830",1,1,5,1,1,1,1,1,1,1,1,1,1,1,1,1,14,1,1,1,1,1,1,1,1,1,1,1,16,1,1,1,1,1,1,1
"ERR2836831",77,7,1,1,1,1,100,164,10,1,50,1,1,1,1,1,1,1,5,50,1,71,1,1,1,1,1,1,1,1,1,1,1,1,1,1
"ERR2836832",33,9,4,1,1,1,1,1,1,1,1,1,1,6,1,19,226,10,17,1,1,1,1,1,1,1,1,18,1,1,17,1,49,82,1,1
"ERR2836833",9,1,1,1,1,1,1,8,1,1,1,1,1,1,1,11,1,1,1,1,1,1,1,1,1,1,1,1,1,1,1,1,11,1,1,1
"ERR2836834",39,27,14,1,1,64,1,18,8,34,43,1,1,10,1,45,46,1,1,28,1,1,59,18,1,27,49,71,8,1,34,26,46,1,1,1
"ERR2836835",1,1,1,1,1,1,22,1,1,18,1,1,1,1,1,43,1,1,1,1,1,19,1,1,5,1,1,1,1,1,7,1,1,1,1,1
"ERR2836836",63,1,1,1,1,1,1,16,4,1,1,1,1,1,1,1,1,1,54,9,1,1,17,1,1,1,1,47,1,1,23,18,35,1,1,1
"ERR2836837",8,1,1,1,180,1,1,1,5,1,1,1,1,1,1,15,63,1,1,7,1,1,14,1,1,1,9,1,1,1,1,55,1,74,1,1
"ERR2836838",1,1,1,1,1,1,1,33,5,1,1,1,305,1,1,1,52,37,1,44,9,1,1,21,1,15,1,1,1,1,1,1,1,1,57,11
"ERR2836839",1,1,55,1,1,1,1,40,173,1,1,1,1,1,1,1,1,1,1,1,1,97,1,60,1,1,1,1,1,1,1,1,1,1,386,1
"ERR2836840",41,30,7,1,172,1,1,68,1,1,1,1,1,1,1,26,1,1,1,1,1,1,1,1,1,1,1,1,1,1,32,25,1,1,1,1
"ERR2836841",1,28,11,1,1,1,1,1,1,1,1,1,1,1,1,38,1,1,1,1,7,1,33,1,1,1,1,1,1,1,1,53,65,1,1,1
"ERR2836842",1,1,34,1,1,1,1,8,50,130,1,1,1,1,1,42,16,77,1,1,14,1,42,1,1,1,1,1,1,1,83,137,303,1,10,1
"ERR2836843",1,1,1,1,178,1,1,86,1,1,39,31,1,1,1,12,1,1,35,20,1,1,50,1,1,1,17,1,1,1,27,1,72,1,49,1
"ERR2836844",77,32,1,1,1,1,1,1,6,1,1,1,1,1,1,14,1,1,1,1,1,1,1,1,1,1,1,1,1,1,17,1,71,1,1,1
"ERR2836846",1,14,1,1,1,1,1,1,1,1,1,1,1,1,1,16,1,5,13,1,1,1,27,59,11,13,13,1,1,10,39,57,93,1,1,51
"ERR2836847",1,6,1,1,1,1,1,1,1,1,1,1,1,1,1,1,9,1,1,1,1,1,18,1,1,1,15,28,1,1,18,1,50,1,1,1
"ERR2836848",1,1,6,1,1,1,1,1,1,1,47,55,1,1,1,9,4,1,1,1,1,1,1,1,1,1,1,1,1,1,1,1,63,1,1,1
"ERR2836849",1,1,6,1,1,1,84,1,1,1,40,17,1,1,1,1,5,1,1,7,1,274,1,1,1,1,1,1,11,1,1,1,1,1,7,1
"ERR2836850",71,38,1,1,1,1,1,85,1,1,1,1,1,67,1,44,65,1,17,1,11,82,1,1,28,1,16,51,12,1,1,1,63,1,1,1
"ERR2836851",108,14,18,111,1,1,1,12,29,56,63,1,1,31,1,128,112,1,292,1,1,1,34,1,1,1,1,30,1,1,1,65,80,1,10,1
"ERR2836852",273,1,1,1,1,1,279,1,1,1,128,1,1,1,1,1,49,1,1,1,1,48,1,1,1,12,1,1,1,1,1,1,1,1,1,1
"ERR2836853",261,1,1,1,237,1,1,1,1,1,33,1,1,24,1,1,167,1,1,1,1,1,76,1,1,1,1,259,1,1,57,145,219,364,1,1
"ERR2836854",305,24,1,1,1,1,1,104,1,1,62,22,1,42,1,162,1,1,1,1,8,1,66,12,1,1,7,22,1,6,1,1,76,1,1,1
"ERR2836855",1,1,1,1,80,1,1,191,1,1,57,53,1,11,1,1,310,1,54,1,1,1,32,5,1,1,28,1,1,1,17,1,59,1,1,1
"ERR2836856",1,1,1,1,94,1,25,23,1,20,1,1,1,1,1,7,5,1,1,1,1,1,1,1,1,1,23,1,1,11,1,1,98,1,34,1
"ERR2836857",57,1,1,41,124,58,1,1,1,1,1,1,1,1,1,1,1,1,26,1,1,1,1,57,1,1,1,31,1,1,1,41,50,1,1,1
"ERR2836859",21,12,10,1,1,1,1,7,4,1,1,1,1,34,3,52,397,1,81,1,16,1,46,21,7,1,23,1,1,1,66,160,56,193,1,1
"ERR2836860",85,1,32,1,1,1,1,1,1,145,1,1,1,10,1,42,1,1,1,1,6,1,1,15,1,1,1,1,1,1,47,101,157,302,1,1
"ERR2836861",1,1,1,1,1,1,25,40,1,1,1,1,1,19,1,109,1,1,121,42,1,1,1,31,1,14,13,44,1,10,54,62,108,1,1,1
"ERR2836862",13,1,1,28,1,15,1,1,1,1,1,1,1,1,1,111,1,1,33,1,1,1,34,84,1,1,1,1,1,1,29,56,68,31,1,39
"ERR2836863",114,25,1,1,1,119,1,170,1,1,50,1,1,10,1,84,802,1,1,1,1,492,1,1,60,13,1,65,1,1,1,1,1,1,1,1
"ERR2836864",1,156,1,1,1,1,1,1,97,1,1,1,1,37,1,42,1,1,19,77,31,1,1,72,1,1,1,1,1,1,41,111,138,1,1,368
"ERR2836865",65,53,15,24,1,1,15,7,1,1,67,14,1,19,1,66,1,1,1,1,1,1,41,33,18,1,11,1,1,24,44,97,1,1,1,1
"ERR2836866",18,4,1,1,1,7,1,1,1,22,1,1,1,1,1,1,1,1,1,1,1,1,1,1,1,1,1,1,1,1,18,1,1,38,1,1
"ERR2836867",76,7,8,1,1,1,1,19,1,1,1,53,1,1,1,32,1,1,44,1,1,66,1,1,1,12,1,22,1,1,10,1,27,1,1,1
"ERR2836868",67,26,1,1,99,25,1,1,5,23,1,1,1,9,1,20,1,1,17,1,1,1,20,9,1,19,1,34,1,5,24,71,51,100,6,10
"ERR2836869",1,24,1,1,1,1,1,6,3,43,1,1,1,1,1,38,15,10,42,1,19,1,1,1,1,1,1,17,1,1,15,54,68,13,1,1
"ERR2836870",1,1,24,1,306,68,27,1,1,71,1,1,1,36,1,57,48,1,202,1,16,1,24,121,1,1,10,1,1,1,1,8,87,65,1,1
"ERR2836871",48,1,1,4,70,1,1,1,1,13,1,1,1,1,1,8,1,1,13,1,1,1,18,8,1,1,1,1,1,1,20,1,18,1,1,1
"ERR2836872",1,1,17,1,1,1,1,287,22,1,1,4,1,69,1,74,11,1,1,1,43,14,1,9,1,1,1,28,1,1,1,1,36,320,1,1
"ERR2836873",1,1,1,1,1,1,29,1,7,16,1,1,1,1,1,21,1,1,1,1,1,8,1,1,1,1,1,1,1,10,10,1,58,1,56,7
"ERR2836874",16,1,43,1,1,27,1,1,51,153,1,1,1,1,1,60,1,1,76,31,64,1,55,1,1,58,79,33,1,30,90,1,104,1,1,1
"ERR2836875",1,1,4,1,1,1,1,1,1,1,1,1,1,1,1,1,1,1,1,5,1,1,1,18,1,1,1,1,1,1,1,1,1,1,6,1
"ERR2836876",1,1,5,1,3,3,1,1,1,1,15,53,1,11,1,55,1,1,31,1,1,1,1,1,1,1,1,27,1,1,1,1,78,1,1,1
"ERR2836877",76,9,1,1,1,67,1,1,1,5,1,1,1,1,1,15,1,9,1,1,1,1,1,56,67,1,1,1,1,1,11,1,1,75,1,1
"ERR2836878",61,44,14,1,1,1,81,1,64,60,153,1,1,10,1,80,216,1,207,1,1,1,1,1,1,1,55,42,1,1,55,67,63,1,1,1
"ERR2836879",1,68,1,1,1,1,1,1,1,1,1,5,1,1,1,1,45,1,1,1,9,1,13,1,1,1,1,65,44,1,1,51,84,1,1,1
"ERR2836880",1,1,1,1,1,1,1,1,1,1,1,1,1,5,1,1,1,1,1,1,1,1,1,1,1,1,1,1,1,1,1,1,5,1,1,1
"ERR2836881",1,27,1,1,1,3,1,1,1,1,1,1,1,6,1,29,1,1,1,1,7,1,1,62,1,1,5,1,5,11,15,42,43,141,1,1
"ERR2836882",1,1,1,1,1,1,1,1,1,1,1,1,1,13,1,25,22,1,1,1,1,1,10,1,1,1,8,1,1,1,1,1,32,1,1,1
"ERR2836883",1,1,1,1,1,1,1,52,76,1,1,55,1,1,1,1,48,1,1,1,11,144,32,7,1,1,1,1,11,1,1,1,1,1,15,1
"ERR2836884",106,25,1,136,1,1,1,1,1,171,45,1,1,19,13,24,14,1,110,1,1,14,33,26,1,11,1,215,1,1,21,1,48,154,1,1
"ERR2836885",1,49,9,145,1,1,1,9,5,1,8,37,1,1,1,17,18,1,1,23,1,1,1,1,1,1,1,27,1,1,27,47,42,1,1,1
"ERR2836886",1,1,1,1,1,1,1,1,1,1,1,1,1,1,1,1,1,1,1,1,1,1,1,1,1,1,1,1,1,1,1,1,1,1,1,1
"ERR2836887",1,1,11,1,1,1,1,52,1,1,100,1,1,8,4,1,16,1,1,1,1,1,18,59,43,10,1,1,1,7,18,1,64,1,1,1
"ERR2836888",111,22,1,27,267,1,1,1,6,35,1,1,1,51,32,76,25,1,206,3,1,1,70,1,1,1,1,52,1,1,17,58,53,1,1,1
"ERR2836889",21,9,1,1,51,11,1,1,1,9,1,1,1,1,3,9,1,1,7,4,1,1,1,1,1,1,1,1,1,1,1,1,34,1,1,1
"ERR2836890",1,6,1,24,1,1,1,1,1,74,1,1,1,1,1,23,24,1,47,1,1,1,43,53,1,1,1,1,1,1,24,1,33,26,1,1
"ERR2836891",20,1,1,1,1,1,1,1,1,8,1,9,1,1,1,1,1,1,1,1,1,1,1,1,1,1,1,1,1,1,9,1,27,24,1,1
"ERR2836892",1,1,11,1,1,19,1,1,1,67,1,1,21,1,35,159,65,26,300,1,1,1,49,1,82,1,30,94,1,10,23,50,1,152,1,32
"ERR2836893",18,1,1,1,1,1,1,1,1,1,1,1,1,1,1,31,10,1,61,1,1,1,35,1,1,1,1,1,1,1,1,13,12,1,1,1
"ERR2836894",96,1,5,1,1,1,1,1,1,24,1,1,1,1,4,30,1,1,20,5,1,55,1,14,7,1,1,1,1,1,27,1,58,1,1,1
"ERR2836895",85,70,1,1,1,1,1,8,12,52,1,1,1,1,1,34,33,1,22,1,1,1,1,21,8,1,1,1,1,1,40,128,63,1,1,1
"ERR2836896",1,1,1,1,1,1,1,1,1,1,1,1,1,4,4,1,1,9,1,1,1,1,1,1,1,1,5,1,1,1,10,13,26,37,1,1
"ERR2836897",82,1,3,1,1,1,31,1,1,1,12,1,1,1,1,26,1,1,1,1,1,1,1,70,1,1,23,1,1,1,1,35,67,1,1,1
"ERR2836899",29,1,1,1,144,1,1,1,6,1,1,1,1,1,1,18,1,1,17,1,1,1,1,44,1,1,1,1,1,1,1,1,60,1,1,1
"ERR2836900",80,33,1,1,1,41,1,1,1,21,1,1,1,59,1,56,21,1,66,1,10,1,71,1,1,8,1,41,1,1,32,23,48,284,1,1
"ERR2836901",70,9,1,1,1,43,1,26,1,1,1,1,1,1,1,1,65,9,35,27,13,1,32,1,15,4,1,1,1,6,1,1,71,1,1,1
"ERR2836902",1,50,20,1,1,182,1,1,1,1,127,1,1,56,1,39,43,38,207,87,1,1,55,1,42,35,10,71,1,1,52,53,153,1,1,35
"ERR2836903",1,17,1,1,1,1,1,11,1,1,14,1,1,1,1,1,1,1,1,1,1,1,1,1,1,1,1,39,6,1,1,1,22,1,1,1
"ERR2836904",1,1,1,1,1,1,1,1,5,35,1,1,1,1,1,1,1,1,1,1,1,1,10,1,1,1,1,92,1,20,12,1,50,1,1,1
"ERR2836905",1,1,35,1,1,1,1,1,1,1,1,1,1,1,1,57,36,1,1,1,1,1,27,67,1,1,1,76,31,1,1,1,1,1,192,1
"ERR2836906",39,35,1,1,1,1,59,57,22,1,1,1,1,1,1,1,1,1,1,50,1,1,49,1,1,1,1,110,8,1,26,1,60,1,1,1
"ERR2836907",1,1,7,1,157,19,1,1,1,23,1,1,1,1,1,17,30,1,1,1,1,1,1,58,1,1,1,1,1,1,15,40,56,1,1,1
"ERR2836908",113,30,1,1,1,91,1,1,1,58,1,1,1,35,1,95,1,1,507,1,1,1,59,1,1,15,1,61,1,14,1,1,26,265,1,1
"ERR2836909",54,16,1,1,1,1,1,7,14,34,73,1,1,1,4,21,1,1,23,1,1,1,1,16,1,1,31,1,1,1,18,1,57,1,1,1
"ERR2836910",168,109,1,1,1,42,1,1,1,105,1,1,1,99,1,104,29,24,127,1,14,1,90,41,1,1,1,71,1,1,50,57,69,275,1,1
"ERR2836911",1,1,1,1,1,1,1,1,1,1,1,1,1,7,1,39,1,1,1,77,1,1,1,1,1,53,1,1,1,1,18,1,42,1,1,1
"ERR2836912",24,1,1,1,1,1,1,1,1,1,1,1,1,1,1,6,1,1,8,1,1,1,1,1,14,1,1,1,1,1,4,1,1,1,1,1
"ERR2836913",79,1,1,1,1,1,1,13,1,10,1,1,1,1,1,1,1,1,1,18,1,1,1,1,1,1,4,1,1,1,1,1,18,1,1,1
"ERR2836914",1,1,7,1,1,1,1,19,1,17,36,17,1,1,1,14,20,1,1,29,1,1,1,17,1,5,1,1,1,3,15,1,82,1,28,1
"ERR2836915",20,1,1,1,49,1,1,1,1,1,1,1,1,1,1,1,4,1,11,1,1,1,1,1,1,1,1,1,1,1,1,1,13,1,1,1
"ERR2836916",1,1,1,62,48,29,1,1,1,42,1,1,1,64,13,90,20,60,193,93,1,1,21,25,1,1,5,51,1,16,1,21,55,196,1,70
"ERR2836917",1,13,1,1,1,1,41,14,5,1,1,1,1,1,1,11,1,1,1,1,1,1,1,1,1,1,1,1,1,1,17,33,1,51,14,1
"ERR2836918",10,1,4,8,1,4,16,1,1,8,1,14,1,1,1,3,1,1,5,1,1,1,17,16,1,7,1,18,1,4,17,89,16,88,1,1
"ERR2836919",1,3,1,8,1,5,1,1,1,1,1,1,28,1,1,13,1,1,24,1,1,1,31,1,16,1,1,1,1,1,8,1,14,129,1,1
"ERR2836920",1,7,1,32,1,1,1,1,1,1,1,1,6,1,1,13,1,1,48,1,1,1,1,22,1,1,1,1,1,1,15,59,56,29,1,11
"ERR2836921",1,1,1,1,10,1,1,1,1,1,1,1,21,1,1,1,1,1,1,1,1,1,1,1,1,1,1,1,1,1,5,1,1,8,1,1
"ERR2836922",1,1,1,1,83,1,1,1,1,21,1,1,1,1,1,19,1,5,1,1,1,1,1,22,1,1,1,1,1,1,13,38,11,1,1,3
"ERR2836923",1,1,1,1,22,1,1,1,1,11,1,1,1,1,1,11,1,3,13,1,1,1,1,12,8,1,1,1,1,1,9,38,1,77,1,1
"ERR2836924",1,1,1,1,1,1,1,1,1,1,1,1,1,1,1,1,1,1,8,1,1,1,1,1,1,1,1,1,1,1,1,1,34,34,1,1
"ERR2836925",1,1,1,1,1,1,1,1,1,1,1,1,1,1,1,1,1,1,5,1,1,1,1,10,1,1,1,1,1,1,7,38,1,16,1,1
"ERR2836926",318,1,1,62,1,38,1,8,38,64,1,1,1,57,46,143,67,28,1,1,7,1,99,1,1,1,1,48,1,1,1,58,38,1,1,1
"ERR2836927",1,1,1,19,98,1,1,1,1,1,1,1,72,1,1,1,1,10,38,1,1,1,1,1,1,1,1,1,1,1,1,16,1,172,1,4
"ERR2836928",1,23,3,1,1,1,1,1,1,1,1,1,1,49,1,54,32,6,38,1,1,1,1,1,1,1,1,23,1,1,17,155,98,97,1,1
"ERR2836929",1,1,1,1,1,1,1,1,1,22,1,1,1,61,1,203,1,1,294,10,11,1,39,1,1,16,17,47,1,18,8,177,34,285,1,265
"ERR2836930",1,1,1,1,1,9,1,1,3,4,1,147,54,1,6,70,1,1,83,41,1,1,26,59,61,44,19,1,1,52,1,104,65,44,1,165
"ERR2836931",1,1,1,24,84,23,1,1,1,28,1,1,1,84,26,245,11,92,221,47,9,1,25,77,1,55,1,1,1,1,26,28,74,496,1,94
"ERR2836932",54,1,1,1,899,1,1,6,1,1,1,1,1,47,1,430,1,1,454,15,10,1,72,92,23,76,8,1,1,1,30,59,125,907,1,217
"ERR2836933",1,37,1,112,1,56,1,1,1,1,1,1,1,1,1,80,1,1,106,37,10,1,65,70,1,31,11,1,1,1,1,1,144,284,1,137
"ERR2836934",1,47,1,202,1,44,1,1,1,33,1,1,1,56,52,161,50,180,351,1,1,1,95,1,8,1,34,22,1,1,47,62,221,453,1,1
"ERR2836935",1,11,1,13,1,18,1,1,1,1,1,1,1,1,4,16,1,1,1,1,1,1,1,1,1,1,1,1,1,10,1,44,56,16,1,1
"ERR2836936",1,11,1,1,1,1,1,1,1,16,1,1,1,1,1,34,38,1,204,1,1,1,40,1,1,1,1,31,1,1,26,26,30,104,1,1
"ERR2836937",165,44,1,1,1,1,1,14,1,308,1,1,1,1,55,166,1,1,1,280,18,1,28,1,1,56,1,92,1,18,19,1,40,636,1,1
"ERR2836938",1,1,1,1,1,1,1,1,1,57,1,1,16,1,10,38,1,19,103,1,1,1,27,163,1,9,1,44,1,5,1,1,1,55,1,9
"ERR2836939",1,38,22,18,77,1,1,1,5,73,1,1,1,69,1,77,10,1,165,101,1,1,43,144,30,65,19,1,1,49,32,130,198,338,1,809
"ERR2836940",1,1,1,1,1,1,13,1,1,5,1,1,196,96,1,205,1,28,48,4,29,1,1,1,1,1,1,1,1,16,1,58,82,1,85,1
"ERR2836941",62,1,1,1,69,16,11,1,1,1,1,1,1,75,1,172,1,25,126,1,1,1,1,31,1,1,6,1,1,8,1,24,51,651,1,1
"ERR2836942",89,1,1,1,1,1,38,72,1,275,118,33,1,41,1,103,1,9,196,29,5,14,40,16,1,1,1,1,1,1,48,1,69,1,1,1
"ERR2836943",1,1,1,4,1,1,1,1,1,1,1,1,1,1,1,16,1,1,1,1,1,1,15,155,1,1,6,1,1,1,1,72,97,52,1,1
"ERR2836944",1,1,3,1,1,1,1,37,1,1,1,1,54,12,6,1,1,1,37,72,1,1,1,82,1,16,18,1,1,1,18,69,1,196,1,1
"ERR2836945",1,1,1,1,1,1,1,31,39,429,1,125,1,1,1,177,28,1,1,121,16,1,77,349,1,91,10,59,1,1,32,57,228,505,25,1
"ERR2836946",89,1,4,1,1,1,1,56,1,63,1,1,89,16,1,223,1,1,105,1,1,1,25,47,1,1,1,1,1,41,1,67,83,1,1,129
"ERR2836947",1,1,1,400,1,1,25,1,4,1,1,1,1,108,1,267,10,1,181,1,1,1,1,45,1,1,11,1,1,1,1,1,39,1,204,1
"ERR2836948",1,57,5,1,1,9,1,1,1,1,1,1,55,69,26,28,32,21,35,39,1,1,29,53,1,1,10,41,1,21,29,96,193,49,1,12
"ERR2836949",1,1,1,1,1,1,1,29,1,1,1,1,1,32,11,75,38,51,120,36,1,9,31,23,73,1,1,83,1,1,1,1,51,7,1,1
"ERR2836950",77,1,1,1,1,1,1,22,1,1,1,29,223,51,8,237,45,1,1,1,26,1,62,11,47,1,12,54,1,1,35,67,118,495,1,183
"ERR2836951",20,13,1,1,162,1,1,1,1,1,1,1,63,1,1,28,1,1,49,1,1,1,1,33,11,1,1,23,1,1,23,25,40,153,1,1
"ERR2836952",1,44,1,1,1,1,1,42,35,37,1,1,73,18,1,24,10,25,79,1,9,1,1,115,1,1,19,23,1,31,1,209,101,43,1,1
"ERR2836953",1,1,11,1,73,24,1,1,1,217,1,1,1,30,1,69,1,1,125,1,1,1,40,1,1,1,9,1,1,1,42,83,92,213,1,518
"ERR2836954",1,42,1,103,1,1,1,1,9,1,1,1,83,40,7,44,176,13,185,1,1,1,1,190,1,1,1,14,1,16,1,51,65,249,1,287
"ERR2836955",1,47,1,1,1,1,1,26,1,87,1,1,469,31,1,78,65,37,52,14,13,1,93,1,4,1,19,33,1,1,30,111,56,431,1,205
"ERR2836956",1,54,1,5,110,1,1,1,47,1,1,55,29,60,1,116,1,34,215,1,1,1,70,415,14,29,10,42,1,1,43,133,264,323,1,998
"ERR2836957",1,21,1,16,68,1,1,1,1,8,1,1,11,1,1,38,1,7,49,1,1,1,38,1,1,1,1,1,1,14,28,50,44,53,1,51
"ERR2836958",56,1,1,27,1,1,1,1,1,16,1,1,29,1,1,1,14,1,1,1,1,1,1,1,1,1,1,1,1,1,14,1,39,1,1,1
"ERR2836959",1,1,1,1,1,1,1,52,1,59,1,1,184,1,1,39,1,23,38,1,1,1,1,27,1,1,1,1,1,1,8,1,22,1,1,1
"ERR2836960",21,1,1,16,108,1,1,1,1,7,1,1,41,1,1,13,10,6,11,1,1,1,1,1,6,1,1,1,1,1,15,1,1,1,1,1
"ERR2836961",1,67,1,1,120,1,1,1,8,1,1,28,1,1,1,1,1,6,64,1,1,1,23,41,12,1,1,1,1,13,21,169,231,21,1,32
"ERR2836962",1,16,1,41,1,22,1,1,1,1,1,1,1,1,1,12,1,1,42,1,1,1,1,1,1,1,1,1,1,5,26,58,62,21,1,1
"ERR2836963",1,11,1,87,1,13,1,1,1,11,1,1,1,1,4,15,1,1,7,30,1,1,1,40,1,15,6,1,1,1,1,26,68,57,1,1
"ERR2836964",1,1,1,29,1,1,1,1,1,1,1,1,1,4,1,1,1,1,15,1,1,1,1,1,1,1,9,1,1,1,12,40,33,46,1,1
"ERR2836965",6,1,1,23,1,9,1,1,1,1,1,1,1,7,1,1,7,1,5,1,6,1,1,1,1,1,1,1,1,1,1,1,10,52,1,1
"ERR2836966",1,1,1,7,1,13,1,1,1,1,1,1,1,1,1,14,1,9,1,1,1,1,1,48,1,1,1,30,1,1,5,1,1,41,1,1
"ERR2836967",35,1,5,1,1,1,1,1,3,1,1,1,1,1,13,1,5,1,1,1,1,1,1,50,1,1,1,39,1,1,16,35,51,75,1,1
"ERR2836968",1,1,3,39,1,4,1,1,1,1,1,1,1,1,1,13,1,1,1,1,1,1,26,20,1,14,1,1,1,7,23,111,53,74,1,1
"ERR2836969",2330,14,1,291,11789,206,1,1,1,51,1,1,2719,287,157,2115,27,398,5943,21,24,21,842,2151,18,15,1,598,1,28,156,65,301,6445,1,21
"ERR2836970",1,1,6,18,49,1,1,1,1,18,1,1,1,22,1,1,1,7,32,1,1,1,37,1,1,12,1,1,1,1,14,1,74,63,1,1
"ERR2836971",1,1,1,1,1,1,1,1,1,1,1,1,1,1,1,1,1,1,1,1,1,1,1,22,1,1,1,1,1,1,12,1,21,1,1,1
"ERR2836972",1,1,1,1,1,8,1,1,1,28,1,1,1,1,1,5,1,1,23,1,1,1,1,1,1,1,1,1,1,1,19,26,55,35,1,3
"ERR2836973",1,1,8,1,1,1,1,1,1,700,1,1,1,1,1,1,1,1,1,1,1,1,1,16,1,1,1,19,1,1,10,75,25,1,1,1
"ERR2836974",1,1,1,1,1,1,1,1,1,8,1,1,1,1,1,14,1,4,25,1,1,1,1,1,1,1,1,1,1,1,1,25,21,26,1,8
"ERR2836975",1,1,1,1,1,6,1,1,1,8,1,1,5,1,1,9,1,1,34,1,1,1,1,38,1,1,1,30,1,6,1,1,1,58,1,1
"ERR2836976",170,133,1,1,1,58,1,1,1,1,1,248,235,1,1,158,31,15,138,1,1,1,113,1,1,1,1,30,1,1,34,28,49,1,1,31
"ERR2836977",1,6,1,1,1,1,25,1,6,1,1,1,44,1,1,146,10,13,123,1,11,1,50,1,1,8,17,54,1,27,9,149,88,141,1,109
"ERR2836978",82,9,1,1,1,1,1,10,1,29,1,1,1,1,1,1,15,1,1,1,1,1,1,18,1,1,1,24,1,1,1,1,28,100,1,1
"ERR2836979",48,18,1,1,1,1,1,1,1,45,1,1,57,4,1,30,10,1,47,1,1,1,1,1,1,1,8,1,1,14,1,44,61,157,1,36
"ERR2836980",40,1,15,23,64,29,1,1,3,33,1,1,141,1,16,149,40,34,370,1,15,1,28,1,1,14,1,20,1,1,32,79,52,649,1,1
"ERR2836981",120,1,1,1,1,1,1,1,1,7,1,1,1,75,37,121,13,1,86,11,1,36,1,55,5,1,1,1,1,5,1,1,12,196,1,1
"ERR2836982",140,33,1,1,388,1,1,21,1,60,1,1,102,1,7,92,9,38,123,1,1,1,1,1,1,1,1,1,1,1,50,63,149,288,1,132
"ERR2836983",15,4,1,7,21,1,1,1,1,8,1,1,11,96,1,81,1,29,75,1,1,1,22,1,1,1,1,1,1,14,1,22,65,87,1,28
"ERR2836984",1,39,1,68,1,1,1,1,1,103,1,1,230,1,13,39,18,1,198,1,9,1,57,37,1,1,1,1,1,1,31,62,1,146,1,296
"ERR2836985",68,4,1,9,1,1,26,1,1,52,1,1,1,27,1,39,1,1,78,1,1,22,1,1,1,1,9,18,1,1,17,1,37,51,1,1
"ERR2836986",1,3,17,1,1,46,1,1,1,1,1,1,1,1,1,1,1,1,1,1,1,1,1,1,1,1,1,1,1,1,1,1,1,1,1,1
"ERR2836987",1,11,1,1,136,1,1,1,1,9,1,1,37,1,7,20,49,1,53,1,1,1,1,63,1,1,1,1,1,1,18,1,53,111,1,1
"ERR2836988",1,13,1,1,1,1,1,1,1,25,1,1,228,1,1,76,1,14,158,1,1,1,1,1,1,11,1,1,1,1,1,111,41,294,1,1
"ERR2836989",1,1,1,37,1,1,1,1,1,1,1,1,1,1,1,38,1,1,1,1,1,1,1,1,1,1,1,65,1,5,1,1,50,7,1,1
"ERR2836990",1,45,1,1,1,1,1,4,1,156,17,1,391,18,1,226,1,70,170,1,1,1,58,1,24,1,10,50,1,1,1,79,72,229,1,161
"ERR2836991",1,21,1,1,1,15,1,1,1,35,1,1,1,26,27,214,13,1,339,97,1,1,76,1,1,1,1,13,1,14,7,1,1,860,1,1
"ERR2836992",1,5,1,1,42,1,1,1,1,1,1,1,1,1,1,1,1,1,37,1,1,1,1,1,1,1,1,1,1,1,1,1,14,157,1,1
"ERR2836993",1,29,1,51,36,44,1,1,1,46,1,1,1,22,13,114,29,41,221,1,1,1,73,54,56,1,1,67,1,1,32,54,166,194,1,1
"ERR2836994",24,1,1,1,83,1,1,1,1,37,1,1,90,8,1,1,1,26,44,1,5,1,34,5,1,1,1,1,1,1,1,1,44,125,1,1
"ERR2836995",145,6,1,1,1,1,1,31,1,1,1,1,93,1,1,46,15,1,1,1,1,13,1,34,39,1,1,15,1,1,1,1,1,1,1,1
"ERR2836996",37,31,1,1,1,1,1,1,5,31,1,1,42,1,1,32,1,1,95,1,1,1,27,21,1,1,1,36,1,12,26,67,39,192,1,45
"ERR2836997",1,44,16,40,1,77,1,1,27,174,1,1,390,1,26,77,1,22,1,1,1,1,52,18,1,27,12,1,1,12,50,186,80,274,1,216
"ERR2836998",73,21,1,109,1,34,1,1,9,1,1,1,151,68,54,103,1,39,174,1,11,1,25,1,1,1,5,46,1,14,19,1,32,408,6,45
"ERR2836999",1,1,1,46,1,1,1,8,1,42,1,82,377,40,1,139,1,1,97,16,1,1,50,22,6,1,1,1,1,22,1,68,111,109,1,1
"ERR2837000",1,1,1,1,1,1,1,1,1,1,1,1,1,1,1,1,1,1,1,1,1,1,1,1,1,1,1,1,1,1,1,1,1,1,1,1
"ERR2837001",1,1,1,1,1,1,1,1,1,1,1,1,1,1,1,1,1,1,1,1,1,1,1,1,1,1,1,1,1,1,1,1,1,1,1,1
"ERR2837002",1,1,1,1,1,1,1,1,1,1,1,1,1,1,1,1,1,1,1,1,1,1,1,1,1,1,1,1,1,1,1,1,1,1,1,1
"ERR2837003",50,264,45,33,1,31,1,1,1,46,1,1,1,1,1,124,10,42,377,1,16,1,1,1,1,1,38,50,1,55,16,195,165,91,1,151
"ERR2837004",1,1,1,1,1,1,1,1,1,1,1,1,1,1,1,1,1,1,1,1,1,1,3,1,1,1,1,1,1,1,1,1,4,1,1,1
"ERR2837005",1,69,5,1,1,24,1,1,1,41,1,1,1,1,1,1,1,1,93,1,8,1,1,1,5,1,10,1,1,7,1,51,90,62,1,124
"ERR2837006",1,48,1,1,76,1,1,1,1,147,1,1,63,52,1,1,1,1,50,1,1,1,17,1,1,1,1,1,1,1,1,68,94,1,1,1
"ERR2837007",82,26,1,1,1,105,1,44,1,21,22,1,1,1,1,39,38,1,217,1,26,57,1,1,1,1,1,1,10,23,11,46,107,1,1,1
"ERR2837008",1,1,1,1,1,1,1,1,1,1,1,1,1,1,1,1,1,1,1,1,1,1,1,1,1,1,1,1,1,1,1,1,1,1,1,1
"ERR2837009",1,1,1,1,1,1,79,73,1,1,154,1,1,41,1,61,8,1,1,14,1,1,45,1,29,29,1,1,5,1,1,1,95,1,30,1
"ERR2837010",1,1,1,1,1,1,1,1,1,1,1,1,1,1,1,1,1,1,1,1,1,1,1,1,1,1,1,1,1,1,1,1,1,1,1,1
"ERR2837011",1,1,1,4,52,6,1,1,1,49,1,1,1,1,1,175,4,104,369,1,43,1,37,1,1,1,1,1,1,24,42,1,174,324,1,583
