"sutterellaceae","desulfovibrionaceae","prevotellaceae","bacteroidaceae","porphyromonadaceae","rikenellaceae","verrucomicrobiaceae","bifidobacteriaceae","coriobacteriaceae","streptococcaceae","erysipelotrichaceae","lachnospiraceae","clostridiaceae_1","peptostreptococcaceae","ruminococcaceae","veillonellaceae","acidaminococcaceae","methanobacteriaceae"
"ERR2836366",1,98,13,13,2,1,599,448,830,1,869,152,19,1,817,375,1,805
"ERR2836368",1,22,20,3,2,1,10,1,198,1,181,38,35,29,232,130,1,6
"ERR2836369",1,2,2,233,53,1,10,1,70,14,8,3,2,1,320,1,238,1
"ERR2836370",14,69,91,3,28,1,31,39,928,27,282,86,181,119,412,265,1,32
"ERR2836371",164,17,4,62,31,1,9,66,1747,124,239,36,188,44,154,379,5,4
"ERR2836372",1,145,52,295,12,1,3,1,446,48,130,41,2,41,251,196,1,1
"ERR2836373",109,2,331,38,15,1,1,1,667,552,95,3,67,34,79,98,4,1
"ERR2836374",1,9,4,3,2,39,21,1,495,14,3,157,2,1,104,3,386,1
"ERR2836375",1,9,20,11,2,1,66,1,50,9,14,18,26,1,19,16,1,13
"ERR2836376",1,14,74,3,57,1,1,584,1383,1,199,146,55,34,786,199,57,1389
"ERR2836377",1,25,4,15,50,1,49,1,830,15,191,40,2,24,671,296,1,166
"ERR2836378",64,42,2,54,2,124,82,1,583,153,25,106,2,1,358,39,25,28
"ERR2836379",1,18,25,21,24,1,41,54,655,26,155,102,34,10,352,105,86,60
"ERR2836380",1,2,38,26,14,1,1,1,990,1,66,43,67,1,133,245,1,1
"ERR2836381",1,2,232,27,39,139,5,1,726,1,208,53,461,15,458,1,15,6
"ERR2836382",1,11,451,64,35,1,1,1,101,1,80,30,155,16,119,124,1,1
"ERR2836383",1,2,2,3,2,1,1,1,143,1,18,46,123,9,135,1,1,1
"ERR2836384",1,9,2,57,41,7,1,1,362,1,511,26,29,1,128,174,1,1
"ERR2836385",1,39,2,3,17,1,1,1,242,1,3,78,306,195,185,254,1,1
"ERR2836386",575,53,2,197,183,1,103,1,718,1,70,113,312,1,258,1,1,1
"ERR2836387",328,7,2,811,91,1,1,1,621,20,7,112,875,37,86,187,1,1
"ERR2836388",20,2,56,13,14,6,3,1,913,107,56,25,269,49,195,28,14,1
"ERR2836389",15,59,90,24,77,1,116,76,469,45,144,63,80,17,383,96,6,383
"ERR2836390",258,24,15,106,23,1,1,1,903,72,138,35,30,1,206,1,1,4
"ERR2836391",1,2,39,68,14,1,7,1,85,17,70,54,28,1,175,1,44,1
"ERR2836392",62,12,923,67,102,21,1,1,300,10,10,3,64,7,94,1,11,5
"ERR2836393",102,30,311,213,18,1,1,1,210,17,43,22,70,6,155,1,1,6
"ERR2836394",1,33,2,36,120,1,29,32,553,122,550,39,31,231,525,1,1,1
"ERR2836395",39,43,142,29,29,15,1,1,204,27,38,130,21,1,596,26,33,25
"ERR2836396",63,63,87,59,57,7,1,13,1213,57,8,76,2,1,1366,55,1,166
"ERR2836397",3,2,390,37,2,1,1,984,84,21,128,52,2,1,115,1,1,12
"ERR2836398",188,2,169,46,18,8,9,270,487,54,70,20,376,1,178,27,4,11
"ERR2836399",95,14,26,3,12,6,15,1,239,20,25,63,23,1,153,1,1,25
"ERR2836400",90,75,2,57,2,166,464,1,778,144,54,60,59,1,380,68,44,1
"ERR2836401",40,8,2,656,26,15,1,1,241,12,3,34,2,1,45,1,364,1
"ERR2836402",1,2,2,3,11,1,1,1,293,40,19,66,608,1,82,76,1,1
"ERR2836403",1,2,59,23,2,1,1,1,14,1,11,3,52,1,29,29,32,1
"ERR2836404",1,2,2,28,91,1,1,9,404,26,108,59,6,44,247,1,1,9
"ERR2836405",1,38,9,638,68,249,1,1,107,13,3,27,197,1,81,1,18,1
"ERR2836406",1,4,2,3,2,1,1,54,118,7,41,12,2,1,91,1,1,1
"ERR2836407",149,13,2,40,170,1,1,1,245,34,148,90,40,12,421,1,1,1
"ERR2836408",226,2,2,3,42,1,1,1,521,286,3,83,2,22,183,1,1,1
"ERR2836409",35,17,2,3,2,72,1,1,148,29,132,60,95,8,297,1,1,1
"ERR2836411",1,26,2,229,261,86,1,1,712,1,106,3,2,1,70,1,8,1
"ERR2836412",1,6,57,11,40,1,1,1,685,1,239,126,2,1,62,32,1,1
"ERR2836413",1,2,5,576,2,1,6,68,32,8,3,196,15,1,64,16,144,1
"ERR2836414",1,2,2,228,2,1,18,1,82,637,125,119,2,1,525,1,18,1
"ERR2836415",79,27,220,233,2,1,1,1,691,15,44,11,46,7,162,1,24,1
"ERR2836416",1,39,2,199,65,9,1,1,454,52,35,114,14,16,115,1,180,6
"ERR2836417",56,2,2,3,62,1,1,57,732,60,3,178,2,1,125,1,204,1
"ERR2836418",35,2,2,344,2,1,34,27,193,45,3,29,53,14,212,1,1,1
"ERR2836419",108,30,210,297,2,13,1,1,145,1,62,8,51,1,146,1,1,7
"ERR2836420",108,38,346,127,39,61,8,1,304,791,68,46,213,38,107,1,106,1
"ERR2836421",50,58,298,23,2,1,1,1,171,183,448,3,146,1,529,1,1,243
"ERR2836423",1,2,54,9,2,1,1,148,529,6,3,134,144,1,103,1,1,1
"ERR2836424",1,22,2,76,10,7,1,181,803,66,142,106,24,5,197,228,1,1
"ERR2836425",1,22,2,335,2,334,1,227,905,823,3,257,170,143,230,1,1,1
"ERR2836426",1,2,152,98,254,48,1,1,935,30,205,232,24,10,1760,1,1,86
"ERR2836427",1,2,2,11,26,165,95,1,1138,22,7,91,2,1,420,1,9,1
"ERR2836428",1,8,27,48,8,1,3,1,317,131,504,73,26,15,183,135,1,1
"ERR2836430",1,38,2,71,39,32,15,1,1277,29,3,95,2,1,176,1,1,1
"ERR2836431",1,55,2,1723,2,1,1,1,120,1,3,608,2,1,112,1,1,1
"ERR2836432",1,24,2,132,6,1,1,1,956,113,3,62,28,17,66,1,45,5
"ERR2836433",92,35,290,53,65,12,5,1,703,146,139,207,313,18,402,90,25,9
"ERR2836434",1,2,9,3,2,1,1,1,34,1,7,15,8,1,53,1,34,1
"ERR2836435",279,37,20,101,2,1,4,1,556,19,18,69,2,1,85,1,1,1
"ERR2836436",186,128,2,3,47,1,1,1,367,18,87,18,336,91,490,185,1,1
"ERR2836437",39,2,2,762,2,45,44,670,388,14,16,236,121,1,51,13,144,1
"ERR2836438",1,20,2,3,13,1,1,805,689,99,72,3,20,1,133,1,27,1
"ERR2836439",116,65,2,99,59,1,6,1,647,1,322,12,2,1,303,470,1,1
"ERR2836440",1,10,2,193,68,1,1,121,7,1,3,83,34,1,133,9,208,1
"ERR2836441",12,2,58,429,22,1,1,1,604,1,47,41,941,1,74,1,76,1
"ERR2836442",160,24,31,109,105,49,1,207,815,54,48,65,65,7,381,403,36,28
"ERR2836443",40,14,56,188,50,1,90,49,564,87,112,220,84,12,202,93,10,74
"ERR2836444",1,13,16,31,8,1,9,1,17,18,208,23,101,1,88,1,8,12
"ERR2836445",90,44,35,30,86,1,1,1,368,40,25,36,109,1,449,1,31,1
"ERR2836446",1,9,2,44,62,1,8,189,548,48,145,49,2,1,233,270,1,1
"ERR2836447",134,9,2,12,11,1,1,1,901,53,249,68,131,40,72,643,1,1
"ERR2836448",69,2,317,26,23,1,1,1,162,21,3,21,8,1,44,169,1,1
"ERR2836449",164,23,183,86,24,1,22,142,262,1329,255,38,232,24,228,296,9,3
"ERR2836450",214,20,11,19,4,1,1,29,123,48,16,96,232,58,136,29,156,1
"ERR2836451",1,42,2,314,51,1,1,382,319,55,59,72,47,1,31,1,483,1
"ERR2836452",1,27,24,50,87,1,1,100,927,16,67,43,317,20,198,681,56,52
"ERR2836453",1,8,255,46,59,1,1,1,392,44,250,17,179,7,259,94,1,1
"ERR2836454",1,23,2,3,127,1,1,1,588,12,3,110,2,1,135,344,1,1
"ERR2836455",98,17,75,43,5,7,155,1,428,46,192,73,231,89,225,1,1,1
"ERR2836456",231,62,2,156,2,1,11,1,525,33,3,67,36,1,253,1,266,1
"ERR2836457",1,16,2,3,2,1,1,216,1437,29,3,42,12,1,191,1,1,1
"ERR2836458",1,111,447,274,48,1,1,1,194,1,3,10,54,1,534,1,1,59
"ERR2836459",27,2,73,3,2,1,1,75,143,34,25,37,130,12,59,214,1,1
"ERR2836460",1,29,28,3,10,1,1,31,249,1,114,40,323,1,163,207,1,1
"ERR2836461",126,2,233,15,2,1,1,67,241,1939,276,19,141,1,157,437,1,1
"ERR2836462",1,2,11,83,21,1,1,48,218,38,80,46,82,1,86,44,41,1
"ERR2836463",86,53,18,51,115,1,40,1,1338,27,20,42,845,1,215,82,1,1
"ERR2836464",161,52,843,256,106,16,1,101,694,21,561,58,93,1,291,1,1,46
"ERR2836465",18,27,13,181,56,52,50,1,551,294,29,29,39,1,212,1,74,1
"ERR2836466",1,14,25,3,7,1,1,2413,1034,7,256,81,15,5,588,29,1,294
"ERR2836467",114,34,40,131,19,1,1,1676,886,50,243,67,31,9,412,82,57,259
"ERR2836468",8,7,2,671,48,9,1,18,22,58,34,87,102,29,187,1,11,1
"ERR2836469",1,9,61,55,4,1,53,173,643,29,430,50,368,39,136,19,15,1
"ERR2836470",1,45,45,1709,138,224,46,39,3,29,3,190,2,1,77,1,21,1
"ERR2836471",65,5,539,36,37,1,1,1,493,207,138,56,5,1,84,132,1,1
"ERR2836472",1,2,2,3,126,24,88,1,244,1,281,17,127,1,432,142,1,1
"ERR2836473",1,2,2,814,2,250,1,1,23,795,75,1336,8,1,59,1,173,1
"ERR2836474",1,71,2,3,63,626,1,1,93,29,3,143,2,1,7,1,310,1
"ERR2836475",79,19,208,108,42,1,1,1,140,61,22,83,266,1,145,27,1,1
"ERR2836476",44,2,17,67,2,1,1,1,195,21,241,63,113,1,114,33,34,1
"ERR2836477",1,2,2,85,43,65,1,1,149,1,74,10,7,1,361,77,1,1
"ERR2836479",73,9,2,16,2,1,1,25,260,29,119,97,39,1,202,307,1,1
"ERR2836480",109,8,746,43,8,1,1,670,663,55,3,79,2,18,135,36,1,1
"ERR2836481",364,27,15,684,89,1,1,1,139,20,32,311,40,258,64,1,1,1
"ERR2836482",296,37,2,352,86,206,1,1,230,20,3,99,2,1,261,193,1,1
"ERR2836483",71,9,2,3,68,1,1,52,56,45,267,36,2,1,184,1,1,1
"ERR2836484",1,108,2,3,50,1,1,147,117,40,3,56,2,1,294,1,1,4
"ERR2836485",1,2,2,31,8,1,12,23,3,7,3,3,2,1,50,45,1,1
"ERR2836486",1,2,2,66,2,41,1,119,3,27,15,62,92,1,33,1,1,1
"ERR2836487",1,2,106,16,12,1,1,167,752,1,494,28,45,5,184,285,1,37
"ERR2836488",1,19,19,237,118,46,156,1,309,35,73,27,56,1,445,93,83,1
"ERR2836489",55,8,97,146,32,9,68,1,181,35,227,3,236,1,83,56,41,1
"ERR2836490",44,2,623,108,17,1,1,1,933,1,594,51,6,16,83,856,1,1
"ERR2836491",1,49,2,630,117,44,988,1,140,60,3,52,157,1,87,1,356,1
"ERR2836492",1,50,26,135,2,168,27,72,436,93,3,101,41,1,152,1,199,1
"ERR2836493",714,4913,124,205,6396,101,1,1,16033,360,4398,3051,2,1,20687,1,1,1
"ERR2836494",60,31,2,61,32,1,1,47,26,1,3,30,2,1,37,1,1,1
"ERR2836495",1,2,2,23,2,1,1,1,34,1,13,60,2,1,7,1,32,1
"ERR2836496",1,56,2,53,2,1,202,1,48,7,3,26,20,1,101,1,79,1
"ERR2836497",1,2,2,3,2,1,1,1,3,1,3,3,2,1,7,1,1,1
"ERR2836498",1,2,2,54,2,1,4,1,3,1,3,3,2,1,26,1,1,1
"ERR2836499",1,52,2,47,156,1,1,1,504,1,71,44,158,1,624,1,83,1
"ERR2836500",33,27,2,14,2,69,54,178,108,51,756,71,2,1,79,258,5,10
"ERR2836501",1,2,2,22,2,1,1,1,11,1,3,67,7,1,7,1,1,1
"ERR2836502",1,22,2,517,2,94,90,35,48,1,27,19,2,1,59,1,1,1
"ERR2836503",1,2,2,3,2,1,237,1,3,128,5,42,2,1,42,1,521,1
"ERR2836504",1,91,2,97,2,115,175,1,36,1,3,130,2,1,81,1,136,1
"ERR2836505",1,12,2,555,2,12,1,1,15,9,17,40,2,1,49,16,9,8
"ERR2836506",1,2,2,89,2,1,1,29,24,1,3,11,2,1,185,1,1,10
"ERR2836507",116,91,120,3,20,98,24,1,111,1,199,54,2,1,389,212,1,168
"ERR2836508",1,6,56,316,95,1,27,1,273,51,65,269,64,1,170,45,160,1
"ERR2836509",1,51,6,1072,327,1,1,1,3,1,3,1122,2,1,85,1,718,1
"ERR2836510",1,2,2,92,19,1,19,1,51,1,46,3,2,1,95,1,1,42
"ERR2836511",1,2,2,138,15,1,1,1,558,133,3,23,2,1,58,1,45,1
"ERR2836512",1,2,2,3,2,1,1,1,3,91,3,3,2,1,7,1,32,1
"ERR2836513",1,25,2,3,28,9,1,1,251,216,3,81,2,1,153,13,147,1
"ERR2836514",26,2,136,3,14,1,1,1,9,1,51,21,2,1,113,1,1,1
"ERR2836515",40,11,2,72,2,66,21,35,335,52,46,81,38,1,98,32,49,1
"ERR2836516",1,2,2,56,10,1,34,297,361,37,3,139,10,1,101,1,14,1
"ERR2836517",9,6,2,85,2,1,1,412,965,405,3,212,2,1,35,1,13,1
"ERR2836518",1,2,2,43,2,11,1,1,13,111,3,275,122,1,7,1,8,1
"ERR2836519",158,79,2,68,2,1,1,1,268,481,3,10,19,1,25,1,406,1
"ERR2836520",1,2,2,62,2,101,1,1,38,39,3,41,2,1,64,1,211,35
"ERR2836521",1,2,2,3,33,1,1,449,862,205,179,22,2,1,63,312,1,1
"ERR2836522",148,67,24,263,49,70,1,71,465,165,50,261,116,1,338,89,31,5
"ERR2836523",209,2,14,7,129,38,1,73,557,84,132,44,15,1,288,81,10,1
"ERR2836524",1,6,2,3,13,1,1,461,130,34,79,66,2,1,122,95,1,1
"ERR2836525",171,2,2,3,65,22,1,70,367,106,108,20,2,1,244,25,1,1
"ERR2836526",1,2,184,79,7,6,15,1,452,86,125,25,12,15,73,192,1,1
"ERR2836527",110,2,43,10,6,1,1,1,191,1,80,36,67,1,36,117,1,1
"ERR2836528",1,2,159,9,2,1,1,1,21,1,31,3,2,1,57,55,1,1
"ERR2836529",1,14,2,10,2,1,1,1,1256,1,3,26,2,1,56,1,1,1
"ERR2836530",101,80,2,3,31,347,84,234,741,144,7,17,32,5,184,80,1,1
"ERR2836531",1,49,2,3,2,1,1,229,3,70,27,33,2,1,59,1,1,1
"ERR2836532",1,55,2,117,88,1,1,1,77,33,3,76,17,37,242,1,1,1279
"ERR2836533",1,2,2,244,187,1,1,1,50,1,23,3,2,1,35,1,1,1
"ERR2836534",1,47,2,186,9,257,1,327,161,93,3,143,57,1,341,1,1,776
"ERR2836535",1,2,2,48,2,1,1,1,3,1,3,47,2,1,29,1,1,1
"ERR2836536",1,2,2,313,2,1,1,1,3,26,52,48,2,1,30,1,1,1
"ERR2836537",1,5,20,3,16,20,1,259,56,35,57,3,2,1,24,60,61,5
"ERR2836538",1,54,2,61,96,206,83,1086,123,1,3,105,2,1,73,1,1,1
"ERR2836539",1,30,2,3,67,1,174,1,32,1,3,38,2,1,16,1,1,1
"ERR2836540",115,2,2,135,41,1,24,44,49,17,16,366,23,1,7,1,1,1
"ERR2836541",129,5,24,84,7,1,1,1,22,41,46,42,49,1,114,1,1,1
"ERR2836542",1,32,39,3,4,1,1,1,27,11,80,28,2,1,118,1,1,11
"ERR2836543",36,2,2,65,2,33,40,99,20,4,3,26,2,1,7,1,1,1
"ERR2836544",1,15,2,3,2,1,1,1,3,27,3,56,2,1,7,1,1,1
"ERR2836545",1,64,2,655,2,1,1,1,3,9,3,598,2,1,66,1,421,1
"ERR2836546",88,2,12,38,10,1,1,1,11,167,36,3,129,1,24,1,1,1
"ERR2836547",66,2,48,24,21,1,1,1,26,27,3,3,2,1,48,1,1,1
"ERR2836548",133,5,2,3,2,1,9,50,1370,385,59,81,94,1,856,1,1,1
"ERR2836549",61,37,50,126,24,59,1,46,378,171,17,99,74,1,197,16,56,11
"ERR2836550",53,2,2,8,2,1,1,1,3,8,3,43,2,1,7,1,1,1
"ERR2836551",67,2,402,3,2,1,1,1,20,12,99,63,2,1,39,155,1,1
"ERR2836552",1,29,2,278,2,76,1,1,18,1,3,107,2,1,7,1,148,1
"ERR2836553",1,2,2,3,18,1,4,36,9,1,3,34,2,1,13,1,1,1
"ERR2836554",1,91,2,67,77,1,1,1,25,64,69,128,2,1,244,1,1,1
"ERR2836555",1,2,2,39,2,1,1,29,51,18,3,120,2,1,13,1,38,1
"ERR2836556",90,120,5,22,5,125,107,1,3,1,94,17,2,1,1442,237,1,31
"ERR2836557",88,2,2,57,2,108,1,204,92,22,6,87,2,1,80,1,133,1
"ERR2836558",1,2,2,298,34,1,1,1,92,497,3,412,13,1,7,1,1,1
"ERR2836559",1,2,2,278,20,1,1,116,9,11,3,16,2,1,31,1,18,1
"ERR2836560",53,2,2,30,2,240,1,102,166,28,3,47,12,1,62,1,121,1
"ERR2836561",1,21,2,1537,71,142,1,1,468,1,3,78,2,63,149,1,437,1
"ERR2836562",65,12,60,20,2,1,1,115,38,1,71,23,2,1,35,1,1,16
"ERR2836564",79,41,104,99,2,1,1,1,144,226,3,20,19,1,197,1,137,1
"ERR2836565",1,44,2,26,39,40,899,83,459,1,170,51,555,33,306,4,1,59
"ERR2836566",117,44,259,28,2,1,1,1,210,1,101,46,276,33,107,254,1,1
"ERR2836567",1,2,2,373,2,1,1,1,3,42,3,46,2,1,14,1,1,1
"ERR2836568",1,77,2,65,2,1,1,38,29,48,3,64,2,1,84,1,107,1
"ERR2836569",1,2,2,3,2,1,1,1,14,1,3,35,2,1,18,1,1,1
"ERR2836570",1,2,2,840,45,1,1,1,242,610,3,76,58,1,27,1,1,1
"ERR2836572",465,51,4,505,2,105,1,1,213,51,105,62,2,1,220,1,292,1
"ERR2836573",101,38,2,749,2,100,1,89,43,5,3,78,2,1,7,9,1,1
"ERR2836574",106,87,2,330,2,368,1,48,565,20,3,88,2,1,121,1,385,1
"ERR2836575",16,45,68,99,10,112,1,1,455,89,165,105,25,1,225,88,72,31
"ERR2836576",1,2,68,23,2,1,1,434,23,76,3,235,2,1,100,47,1,1
"ERR2836577",1,2,2,793,2,1,1,1,142,59,539,187,2,1,29,6,1,1
"ERR2836578",118,2,2,3,38,1,70,93,492,15,11,93,35,1,219,188,1,17
"ERR2836579",1,2,2,26,2,21,1,215,102,38,42,122,2,1,123,1,1,1
"ERR2836580",9,2,10,478,23,1,57,1,539,507,3,96,35,5,31,1,7,1
"ERR2836581",89,32,476,3,7,1,1,1,412,76,55,35,293,68,115,361,1,1
"ERR2836582",74,15,398,117,21,1,1,1,385,22,53,46,77,1,145,75,46,1
"ERR2836583",69,2,20,51,21,1,1,1,381,1,6,57,191,1,86,14,122,6
"ERR2836584",1,110,299,16,2,1,1,1,330,1,206,3,20,1,338,284,1,267
"ERR2836585",34,2,2,77,24,9,5,68,67,4,59,34,37,1,130,1,1,1
"ERR2836586",1,2,111,3,44,1,1,412,110,1,87,56,2,1,186,54,1,1
"ERR2836587",1,2,2,3,2,1,1,1,14,15,9,3,2,1,32,1,1,1
"ERR2836588",1,2,350,76,2,1,1,1,82,1,3,3,10,1,159,1,1,1
"ERR2836589",29,2,2,301,2,1,9,76,76,1,3,104,24,18,174,194,8,42
"ERR2836590",1,27,43,192,2,1,1,1,33,1,20,82,2,1,112,33,1,1
"ERR2836591",1,2,2,131,2,118,1,1,293,80,20,76,2,1,197,1,1,1
"ERR2836592",1,16,2,373,2,112,38,42,160,8,3,330,53,1,128,1,1,1
"ERR2836593",1,14,37,47,9,1,1,1,607,20,3,74,2,20,134,340,33,1
"ERR2836594",73,24,2,3,53,105,1,1,40,9,3,38,63,1,158,1,5,67
"ERR2836595",1,2,2,3,2,1,1,1,3,42,3,465,2,1,84,1,1,1
"ERR2836596",1,2,2,52,2,281,63,1,3,1,70,54,2,1,61,1,1,164
"ERR2836597",1,2,2,48,30,1,1,79,101,104,3,67,2,1,154,1,1,1
"ERR2836598",1,2,2,3,2,1,1,1,3,49,3,122,46,1,320,1,1,1
"ERR2836599",7,2,19,3,2,1,1,14,3,1,3,3,12,1,7,20,1,1
"ERR2836600",1,23,99,3,21,1,1,6,19,1,12,3,10,1,128,1,1,1
"ERR2836601",1,7,2,22,8,1,1,1,17,18,24,3,2,1,32,1,1,1
"ERR2836602",1,8,2,3,14,1,20,1,11,1,3,34,12,1,129,4,1,1
"ERR2836603",1,61,23,26,63,1,1,1,70,1,94,3,94,1,351,41,1,92
"ERR2836604",1,11,2,25,2,7,1,1,3,1,3,26,2,1,7,1,1,1
"ERR2836605",1,36,2,3,85,16,1,656,117,1,69,60,15,1,284,48,1,11
"ERR2836606",1,168,2,3,44,1,1,1,9,1,49,102,8,1,52,44,1,10
"ERR2836607",1,56,51,3,33,1,33,28,71,1,114,50,424,32,400,266,1,446
"ERR2836608",1,2,2,715,2,1,1,1,189,1,3,242,2,1,45,1,1,1
"ERR2836609",1,2,2,3,2,185,61,1,3,1,3,90,32,1,48,1,1,1
"ERR2836610",1,2,2,497,51,1,1,1,94,1,3,178,2,1,52,1,188,1
"ERR2836611",1,2,6,560,117,190,1,1,3,72,3,50,2,1,37,1,531,1
"ERR2836612",1,2,2,74,2,1,1,325,510,1,282,114,333,1,121,1,33,1
"ERR2836613",1,2,2,44,2,1,1,1,9,1,5,3,2,1,7,1,15,1
"ERR2836614",1,2,2,232,2,19,27,1,11,1,3,59,2,1,41,1,1,1
"ERR2836615",1,2,2,27,4,1,1,1,35,12,7,33,28,25,32,1,4,1
"ERR2836616",1,27,2,3,2,1,4,1,37,11,46,3,2,31,120,1,1,1
"ERR2836617",1,2,2,1050,2,1,1,1,7,1,3,25,50,18,227,8,155,1
"ERR2836618",1,33,271,12,110,1,1,221,170,1,304,3,32,1,163,140,1,1
"ERR2836619",61,36,342,42,119,1,1,1,77,23,3,45,2,1,157,151,1,5
"ERR2836620",1,11,2,70,20,75,66,30,59,100,3,29,2,1,24,1,1,1
"ERR2836621",1,9,2,3,2,6,9,1,3,1,3,3,2,1,24,1,1,1
"ERR2836623",14,2,2,572,2,7,20,1,729,1,3,333,2,1,70,1,1,1
"ERR2836624",133,2,9,41,53,120,1,79,245,45,8,136,2,1,35,1,1,1
"ERR2836625",1,49,2,3,107,1,1,1,3,13,3,99,59,1,166,1,328,1
"ERR2836626",1,49,4,72,49,1,13,1,49,89,9,40,2,1,157,1,1,6
"ERR2836627",1,5,2,23,2,12,1,1,17,1,3,27,2,1,27,1,44,1
"ERR2836628",1,21,28,9,2,83,1,29,44,45,12,83,2,1,22,30,1,13
"ERR2836629",1,2,42,3,4,1,1,1,14,1,44,21,2,1,72,76,1,1
"ERR2836630",1,2,2,3,2,1,1,1,3,1,3,3,2,1,7,1,1,1
"ERR2836631",1,2,2,3,2,1,1,1,36,1,104,115,19,1,51,125,1,1
"ERR2836632",1,2,2,3,2,1,1,1,3,1,15,3,2,1,60,19,1,1
"ERR2836633",49,27,2,56,23,11,1,4,3,5,69,3,37,1,100,133,1,1
"ERR2836634",43,84,2,3,2,8,1,63,526,11,25,78,38,1,231,1,1,161
"ERR2836635",1,44,2,3,2,1,1,1,43,1,3,22,2,1,107,1,118,1
"ERR2836636",1,21,2,3,2,34,1,12,33,1,24,16,2,1,89,1,1,1
"ERR2836637",1,16,2,62,19,1,1,1,38,21,3,207,2,1,36,1,1,1
"ERR2836638",206,2,2,90,2,15,1,1,104,78,15,39,2,1,113,1,1,1
"ERR2836639",1,2,2,3,2,17,1,1,3,10,3,60,2,1,18,1,28,1
"ERR2836640",12,17,2,10,2,1,17,22,31,1,3,35,2,1,135,96,1,8
"ERR2836641",6,24,37,54,2,43,39,40,3,50,21,26,17,4,28,1,28,1
"ERR2836642",1,32,93,27,2,1,1,1,3,33,86,87,40,1,217,1,1,1
"ERR2836643",1,35,2,891,42,31,1,1,314,23,3,149,2,1,7,25,259,1
"ERR2836644",107,18,446,3,2,1,1,51,165,425,60,11,2,1,234,1,1,35
"ERR2836645",1,16,2,17,56,1,1,1,65,1,20,98,2,1,74,237,9,1
"ERR2836646",1,60,2,60,2,1,1,1,426,63,69,3,7,94,177,1,124,1
"ERR2836647",53,2,172,3,24,1,1,26,93,1,44,3,22,1,120,62,1,11
"ERR2836648",47,14,4,26,30,1,1,1,69,1,29,34,73,1,43,44,1,1
"ERR2836649",223,35,50,34,104,1,1,1,149,1,571,96,72,1,311,126,1,1
"ERR2836650",1,2,2,39,10,22,1,36,24,17,3,3,279,1,60,1,1,1
"ERR2836651",1,87,2,424,12,77,1,71,37,1,3,22,2,1,75,1,52,1
"ERR2836652",94,2,2,180,44,74,1,106,69,29,14,3,4,1,226,1,1,1
"ERR2836653",1,2,60,3,4,1,1,81,19,1,3,26,2,1,30,34,1,1
"ERR2836654",1,2,2,56,2,1,1,1,3,21,3,77,2,1,21,1,1,1
"ERR2836655",1,2,2,223,2,234,1,322,79,80,78,84,40,6,246,1,44,644
"ERR2836656",1,2,2,606,50,1,1,1,3,12,3,51,2,1,34,1,1,1
"ERR2836657",181,2,2,55,5,12,23,1,124,21,7,40,2,1,7,1,36,4
"ERR2836658",21,2,86,3,2,1,1,1,3,1,9,3,2,1,7,1,1,1
"ERR2836659",77,2,2,127,2,1,1,1,12,29,3,109,21,1,7,1,1,1
"ERR2836660",1,16,2,66,2,1,22,1,3,10,12,3,2,1,78,1,1,1
"ERR2836661",1,20,2,97,2,17,1,85,77,27,24,219,2,1,109,1,1,1
"ERR2836662",1,18,2,3,116,65,1,183,37,29,49,41,8,1,131,1,1,1
"ERR2836663",1,23,37,3,2,1,1,1,55,51,69,3,18,1,97,1,1,1
"ERR2836664",1,2,2,3,2,1,1,1,39,22,57,10,2,1,51,1,37,1
"ERR2836665",1,11,2,44,2,1,1,1,3,12,3,43,2,1,88,1,1,1
"ERR2836666",1,2,2,396,2,1,1,1,3,1,3,88,2,1,7,1,53,1
"ERR2836667",140,93,5,263,2,340,1,1,103,25,61,42,2,1,166,5,1,1
"ERR2836668",1,2,2,318,2,89,1,108,90,15,3,89,2,1,67,1,148,1
"ERR2836669",1,2,2,3,26,30,1,148,3,17,3,29,15,1,135,1,1,1
"ERR2836670",34,2,2,19,2,1,1,35,7,1,3,38,2,1,7,1,15,1
"ERR2836671",1,33,2,3,28,1,1,1,3,12,113,109,2,1,7,1,1,1
"ERR2836672",1,2,2,241,2,1,1,119,3,16,52,3,2,1,56,1,21,1
"ERR2836673",1,2,2,55,2,1,1,1,3,47,74,326,2,1,44,19,328,1
"ERR2836674",93,2,2,770,2,40,1,1,405,14,8,312,2,1,24,1,29,1
"ERR2836675",1,2,2,307,2,1,1,1,1387,84,120,263,62,1,7,1,73,1
"ERR2836676",1,4,2,242,29,1,1,1,225,601,171,101,2,1,11,1,1,1
"ERR2836677",1,80,2,279,2,710,1,1,234,6,119,3,61,1,300,1,1,1
"ERR2836678",1,2,2,200,2,122,73,1,15,29,41,20,2,1,63,1,240,67
"ERR2836679",27,2,100,49,22,1,1,1,24,1,28,3,2,1,32,73,1,1
"ERR2836680",117,15,2,83,2,56,1,78,23,1,3,54,11,1,59,1,1,1
"ERR2836681",1,2,2,3,8,3,1,1,3,1,3,19,49,1,7,9,1,1
"ERR2836682",80,2,2,54,2,1,1,1,3,1,3,195,35,1,7,1,11,1
"ERR2836683",14,2,125,3,2,1,1,24,35,25,59,3,2,1,43,52,1,1
"ERR2836684",1,13,2,249,2,1,1,62,3,1,3,69,2,1,28,1,1,1
"ERR2836685",1,2,2,660,2,1,1,753,407,59,13,584,2,1,227,1,1,1
"ERR2836686",1,2,2,3,2,1,1,1,3,1,3,3,2,1,7,1,1,1
"ERR2836687",31,2,2,44,2,60,18,157,8,1,3,3,2,1,20,1,8,1
"ERR2836688",1,27,2,3,4,1,1,115,44,17,33,24,16,1,221,1,69,1
"ERR2836689",1,37,2,101,2,1,557,1,84,54,3,95,2,1,115,1,10,1
"ERR2836690",1,2,2,556,2,12,1,1,31,38,3,90,2,1,101,1,3,1
"ERR2836691",1,60,6,68,37,1,1,20,27,1,9,28,2,1,55,83,1,1
"ERR2836692",1,8,2,3,2,1,1,1,18,1,3,19,2,1,80,1,1,1
"ERR2836693",1,2,2,82,2,1,1,1,122,10,3,69,2,1,19,1,279,1
"ERR2836694",19,37,2,27,2,5,1,235,234,48,310,3,2,1,394,405,1,1
"ERR2836695",1,2,2,190,2,1,1,1,3,57,8,3,2,1,7,1,1,1
"ERR2836696",1,12,2,3,2,35,1,1,3,11,3,24,2,1,95,1,81,1
"ERR2836697",96,2,160,3,2,1,1,1,8,27,3,3,2,1,36,1,1,1
"ERR2836698",1,2,2,732,39,150,1,1,67,159,3,98,2,1,121,1,105,1
"ERR2836699",59,87,2,103,57,7,1,1,166,40,3,7,2,1,46,1,1,17
"ERR2836700",1,2,2,31,2,1,1,1,3,1,3,18,2,1,30,1,1,1
"ERR2836701",1,2,2,26,2,51,1,1,3,1,3,56,14,1,84,1,51,1
"ERR2836702",1,51,2,935,60,1,6,1,95,40,3,327,2,1,247,1,214,1
"ERR2836703",67,2,2,47,44,264,94,28,81,13,3,28,2,1,57,1,103,1
"ERR2836704",1,2,2,54,2,1,1,1,3,10,3,81,2,1,35,11,1,1
"ERR2836705",166,4,324,155,2,1,1,8,3,4,3,35,2,1,10,1,20,1
"ERR2836706",1,64,2,3,2,1,31,1,34,1,63,67,2,1,191,1,1,1
"ERR2836707",82,96,2,46,22,1,1,1,89,15,88,13,2,1,219,1,1,1
"ERR2836708",1,7,2,32,6,14,1,83,24,25,41,42,2,1,234,26,1,1
"ERR2836709",1,37,2,52,2,311,1,88,91,21,15,46,2,1,7,1,1,1
"ERR2836710",1,32,2,3,2,1,1,1,3,36,3,306,2,1,217,1,1,1
"ERR2836711",271,47,2,132,2,1,1,1,41,35,8,55,2,1,75,1,1,1
"ERR2836712",190,2,2,3,2,1,1,1,46,23,3,382,2,1,23,1,1,1
"ERR2836713",1,44,2,1839,2,1,1,1,273,46,3,81,2,1,25,1,483,1
"ERR2836714",1,2,2,3,37,405,1,1,138,1,55,172,2,1,25,1,591,1
"ERR2836715",102,27,2,1174,31,356,541,1,3,50,3,50,2,1,310,1,160,1
"ERR2836716",1,6,2,3,2,50,18,1,3,8,3,44,2,1,62,1,28,1
"ERR2836717",1,17,2,165,2,138,1,129,3,1,71,63,2,17,35,1,93,204
"ERR2836718",1,15,276,53,2,1,1,1,3,1,3,23,2,1,136,1,1,27
"ERR2836719",51,97,116,170,54,1,4,1,136,1,282,29,5,1,203,1,1,1
"ERR2836720",1,34,19,53,2,1,1,1,62,83,74,83,24,49,403,12,1,19
"ERR2836721",19,2,2,9,32,1,1,1,17,1,19,3,2,1,40,1,1,1
"ERR2836722",141,9,7,308,31,1,1,1,58,1,3,132,2,14,23,1,1,1
"ERR2836723",1,2,6,3,2,1,1,1,3,1,3,3,2,1,7,9,1,1
"ERR2836724",1,2,2,3,2,1,1,1,10,1,3,17,2,1,43,1,1,1
"ERR2836725",1,2,2,3,67,1,1,1,156,59,359,3,2,1,435,1,1,1
"ERR2836726",1,2,2,3,2,1,1,1,3,1,801,3,2,1,225,1,1,1
"ERR2836727",23,8,2,11,2,1,1,1,10,1,50,18,2,1,19,48,1,1
"ERR2836728",17,2,2,3,15,1,6,1,10,1,20,3,8,1,57,22,1,1
"ERR2836729",1,2,2,3,2,1,1,1,5,1,3,3,7,1,33,1,1,1
"ERR2836730",1,2,2,3,33,1,101,1,52,15,319,9,29,18,84,1,1,1
"ERR2836731",36,2,68,3,6,1,1,1,33,25,14,3,2,1,53,77,1,1
"ERR2836732",18,2,115,3,6,1,1,1,11,1,81,14,2,1,11,127,1,1
"ERR2836733",108,2,262,27,37,1,1,1,172,67,157,3,2,1,98,388,1,1
"ERR2836734",1,7,110,20,8,1,5,33,115,36,114,34,88,1,40,268,1,1
"ERR2836735",80,2,106,29,39,1,1,1,139,33,97,22,2,1,109,211,1,1
"ERR2836736",1,12,217,217,98,1,1,481,229,1,390,75,26,12,278,77,1,1
"ERR2836737",1,4,33,3,2,1,1,1,3,23,43,32,2,17,89,1,1,1
"ERR2836738",1,2,2,3,2,1,1,1,3,1,12,3,2,1,25,1,1,1
"ERR2836739",1,2,2,3,2,1,1,11,3,1,6,3,2,1,36,1,1,8
"ERR2836740",1,17,2,3,10,1,1,13,3,20,60,3,2,1,120,1,1,17
"ERR2836741",1,2,69,3,2,1,1,1,22,19,5,3,2,1,89,36,1,5
"ERR2836742",1,7,86,16,47,1,1,1,3,1,9,3,2,1,158,26,1,1
"ERR2836743",17,16,25,3,12,1,1,1,3,45,59,3,46,21,65,60,1,1
"ERR2836744",1,26,2,3,15,1,1,1,24,14,47,3,2,1,180,49,1,1
"ERR2836745",1,12,23,3,23,1,1,1,27,1,3,3,2,1,101,43,1,1
"ERR2836746",1,25,20,3,2,1,1,21,38,11,70,3,9,1,158,83,1,1
"ERR2836747",13,2,12,10,2,1,1,1,3,1,20,3,2,1,35,1,1,1
"ERR2836748",1,2,21,3,6,1,1,1,3,1,29,3,7,1,38,34,1,1
"ERR2836749",1,2,12,7,33,1,1,1,5,1,3,14,2,1,213,97,1,1
"ERR2836750",1,15,2,3,2,1,1,1,50,1,93,21,45,10,193,1,1,81
"ERR2836751",1,2,60,6,51,1,1,1,3,1,33,3,5,1,81,1,1,19
"ERR2836752",1,2,89,3,2,1,1,1,18,24,63,3,35,1,88,1,1,1
"ERR2836753",1,2,86,77,2,1,1,1,12,1,86,3,21,1,181,83,1,1
"ERR2836754",1,32,7,3,11,1,18,1,40,1,119,3,70,1,241,1,1,66
"ERR2836755",1,5,39,5,2,1,1,1,42,9,113,40,32,19,59,63,1,1
"ERR2836756",1,29,2,17,2,1,1,1,22,12,127,42,2,1,197,39,1,1
"ERR2836757",1,23,10,9,2,1,1,1,17,3,17,3,28,1,178,18,1,14
"ERR2836758",1,19,28,3,2,1,1,1,31,1,47,26,2,11,147,52,1,40
"ERR2836759",1,8,7,9,5,1,1,1,12,5,71,45,63,1,187,51,1,30
"ERR2836760",1,2,2,3,2,1,1,1,62,42,3,19,2,1,7,1,1,1
"ERR2836761",1,2,2,24,5,1,1,1,20,1,14,9,10,30,23,1,1,1
"ERR2836762",1,2,2,3,2,1,1,1,46,1,3,3,32,1,7,1,1,1
"ERR2836763",1,2,2,28,2,1,16,1,16,1,3,3,2,1,34,1,27,1
"ERR2836764",1,20,2,38,2,1,5,1,3,1,3,3,2,16,87,1,37,1
"ERR2836765",1,5,2,25,8,1,34,1,17,1,3,3,2,29,19,1,37,1
"ERR2836766",1,17,2,20,75,1,1,230,644,31,84,39,23,1,261,173,1,35
"ERR2836767",1,2,2,3,2,1,1,1,12,1,7,3,31,1,73,7,1,1
"ERR2836768",1,5,6,3,2,1,1,1,21,1,3,3,2,8,46,8,1,1
"ERR2836769",1,2,2,3,2,1,1,1,12,1,6,3,2,1,54,7,1,1
"ERR2836770",1,2,2,3,2,1,1,1,6,1,3,3,2,1,13,1,1,1
"ERR2836771",1,5,12,3,2,1,1,1,10,1,3,3,2,1,88,1,1,1
"ERR2836772",1,2,2,3,2,1,1,1,12,1,9,3,25,1,134,1,1,1
"ERR2836773",1,2,2,3,25,1,34,1,100,1,171,64,13,1,300,47,1,47
"ERR2836774",1,2,13,12,15,1,24,1,119,1,75,62,45,21,227,113,1,54
"ERR2836775",1,2,2,3,2,1,9,1,3,1,3,3,2,1,41,15,1,1
"ERR2836776",1,2,5,5,2,1,1,1,8,1,3,24,2,1,46,18,1,3
"ERR2836777",1,5,12,9,5,1,1,1,51,17,3,3,60,28,7,78,1,1
"ERR2836778",1,70,36,50,20,1,1,1,197,11,283,3,137,58,620,111,1,124
"ERR2836779",1,5,34,3,2,1,1,21,90,62,200,3,121,1,38,418,1,3
"ERR2836780",1,21,97,40,2,1,1,237,248,59,300,87,2,1,253,11,1,1
"ERR2836781",1,33,32,3,4,1,1,75,167,35,89,3,8,20,115,415,1,1
"ERR2836782",1,65,2,86,47,1,1,15,105,16,143,10,2,91,173,651,1,1
"ERR2836783",5,2,27,3,2,1,1,1,14,1,3,3,2,1,14,1,1,1
"ERR2836784",1,2,80,3,2,1,1,1,14,25,3,3,2,1,16,1,1,1
"ERR2836785",1,2,116,9,2,1,1,1,17,1,3,7,2,1,15,1,1,1
"ERR2836786",10,2,73,3,2,1,1,1,9,1,3,3,2,1,31,1,1,1
"ERR2836787",58,2,165,37,2,1,1,1,52,50,3,18,47,1,105,1,1,1
"ERR2836788",6,2,126,24,2,1,1,1,8,1,7,25,2,1,42,17,1,1
"ERR2836789",1,2,2,23,34,1,1,76,157,1,56,3,2,1,47,1,8,1
"ERR2836790",1,32,2,3,26,1,303,190,176,1,209,65,93,40,623,1,42,361
"ERR2836791",1,6,12,10,34,1,60,829,275,1,288,54,59,10,257,1,1,39
"ERR2836792",1,12,22,76,167,1,1,799,180,1,430,65,2,1,291,1,20,361
"ERR2836793",1,2,2,56,26,1,35,723,79,1,249,67,2,1,178,1,10,1
"ERR2836794",1,2,52,61,36,8,1,459,296,29,152,54,24,1,96,1,1,8
"ERR2836795",1,2,2,3,4,1,1,131,17,1,13,43,16,32,46,1,4,68
"ERR2836796",1,2,2,14,2,1,1,1,43,38,85,8,2,1,17,48,1,1
"ERR2836797",161,2,2,42,2,132,1,65,197,34,424,3,30,1,116,99,1,1
"ERR2836798",185,2,2,3,2,22,5,131,131,53,154,44,2,1,22,405,1,1
"ERR2836799",165,15,2,3,73,45,1,1,176,1,405,19,46,1,17,219,1,1
"ERR2836800",38,2,2,3,45,1,1,70,3,1,35,21,2,6,16,26,1,15
"ERR2836801",218,2,2,3,35,1,1,1,99,49,523,54,2,1,7,359,1,1
"ERR2836802",1,2,2,3,2,47,1,1,278,27,390,51,67,1,124,326,1,1
"ERR2836803",1,12,60,3,2,1,1,41,7,1,55,11,2,1,24,54,1,1
"ERR2836804",1,8,2,10,2,1,1,1,3,1,8,3,2,1,17,1,1,1
"ERR2836805",68,2,71,9,6,1,1,68,82,27,178,3,2,1,41,198,1,1
"ERR2836806",51,9,108,8,2,1,1,310,115,9,173,49,16,1,90,295,1,1
"ERR2836807",33,16,180,3,2,1,1,29,114,21,130,3,54,9,78,140,1,1
"ERR2836808",113,41,148,3,26,1,1,143,235,1,278,3,83,1,44,368,1,1
"ERR2836810",1,2,601,39,245,1,35,1,70,24,99,114,17,5,429,173,1,1
"ERR2836811",1,2,62,7,27,1,1,1,3,5,36,3,28,1,20,68,1,1
"ERR2836812",1,2,91,3,89,1,4,1,24,1,71,55,41,20,133,191,1,1
"ERR2836813",1,16,430,3,109,1,63,1,153,1,193,30,2,1,268,437,1,1
"ERR2836814",1,18,282,3,276,1,1,1,3,1,66,3,2,1,199,128,1,1
"ERR2836815",7,2,242,18,341,1,16,1,91,8,145,3,60,14,338,437,10,1
"ERR2836816",1,2,116,3,104,1,36,1,96,9,74,52,11,8,270,594,1,1
"ERR2836817",40,2,2,37,13,1,1,1,66,50,141,49,10,15,62,1,1,1
"ERR2836818",1,8,2,32,7,1,51,1,131,103,431,118,2,1,144,1,29,1
"ERR2836819",1,2,2,3,2,1,1,1,3,24,3,29,42,1,7,1,1,1
"ERR2836820",51,2,2,33,2,1,1,1,13,33,104,60,20,8,45,1,1,1
"ERR2836821",74,2,2,37,2,1,1,21,174,82,274,59,109,1,37,1,1,1
"ERR2836822",28,2,2,41,2,1,11,1,43,39,67,27,2,36,35,1,175,1
"ERR2836823",1,55,31,109,134,1,1,1,36,9,51,50,2,26,162,1,1,1
"ERR2836824",1,44,75,109,163,1,1,1,15,21,15,89,2,1,472,1,1,1
"ERR2836825",1,2,48,97,53,1,1,1,70,23,72,16,2,1,155,1,1,1
"ERR2836826",1,7,68,3,99,1,3,1,49,20,22,52,2,7,286,1,1,1
"ERR2836827",1,2,18,9,14,1,1,1,3,1,34,15,2,1,7,4,1,1
"ERR2836828",1,2,63,18,38,1,13,1,13,6,3,3,45,1,134,1,1,1
"ERR2836829",1,36,365,107,288,1,1,1,61,1,246,55,79,1,556,1,1,1
"ERR2836830",1,6,2,3,2,1,1,1,3,14,3,3,2,1,22,1,1,1
"ERR2836831",77,8,2,265,11,50,1,1,3,1,56,73,2,1,7,1,1,1
"ERR2836832",33,13,2,3,2,1,1,1,26,226,28,3,2,1,88,82,1,1
"ERR2836833",9,2,2,10,2,1,1,1,13,1,3,3,2,1,17,1,1,1
"ERR2836834",39,41,2,83,42,43,1,1,56,46,30,61,19,27,235,1,1,1
"ERR2836835",1,2,2,24,19,1,1,1,45,1,3,21,6,1,13,1,1,1
"ERR2836836",63,2,2,18,5,1,1,1,3,1,64,19,2,1,126,1,1,1
"ERR2836837",8,2,181,3,6,1,1,1,17,63,9,16,2,1,69,74,1,1
"ERR2836838",1,2,2,35,6,1,1,305,3,52,82,11,22,15,7,1,57,11
"ERR2836839",1,56,2,42,174,1,1,1,3,1,3,99,61,1,7,1,386,1
"ERR2836840",41,37,173,70,2,1,1,1,28,1,3,3,2,1,62,1,1,1
"ERR2836841",1,39,2,3,2,1,1,1,40,1,3,41,2,1,123,1,1,1
"ERR2836842",1,35,2,10,180,1,1,1,44,16,79,57,2,1,527,1,10,1
"ERR2836843",1,2,179,88,2,39,31,1,14,1,56,52,2,1,120,1,49,1
"ERR2836844",77,33,2,3,7,1,1,1,16,1,3,3,2,1,93,1,1,1
"ERR2836846",1,15,2,3,2,1,1,1,18,1,19,29,70,13,214,1,1,51
"ERR2836847",1,7,2,3,2,1,1,1,3,9,3,20,2,1,114,1,1,1
"ERR2836848",1,7,2,3,2,47,55,1,11,4,3,3,2,1,69,1,1,1
"ERR2836849",1,7,2,86,2,40,17,1,3,5,9,276,2,1,17,1,7,1
"ERR2836850",71,39,2,87,2,1,1,1,112,65,19,94,29,1,145,1,1,1
"ERR2836851",108,32,112,14,85,63,1,1,160,112,294,36,2,1,179,1,10,1
"ERR2836852",273,2,2,281,2,128,1,1,3,49,3,50,2,12,7,1,1,1
"ERR2836853",261,2,238,3,2,33,1,1,26,167,3,78,2,1,683,364,1,1
"ERR2836854",305,25,2,106,2,62,22,1,205,1,3,75,13,1,114,1,1,1
"ERR2836855",1,2,81,193,2,57,53,1,13,310,56,34,6,1,108,1,1,1
"ERR2836856",1,2,95,49,21,1,1,1,9,5,3,3,2,1,136,1,34,1
"ERR2836857",57,2,165,60,2,1,1,1,3,1,28,3,58,1,126,1,1,1
"ERR2836859",21,22,2,9,5,1,1,1,89,397,83,63,28,1,308,193,1,1
"ERR2836860",85,33,2,3,146,1,1,1,53,1,3,8,16,1,309,302,1,1
"ERR2836861",1,2,2,66,2,1,1,1,129,1,164,3,32,14,292,1,1,1
"ERR2836862",13,2,29,17,2,1,1,1,113,1,35,36,85,1,157,31,1,39
"ERR2836863",114,26,2,290,2,50,1,1,95,802,3,494,61,13,71,1,1,1
"ERR2836864",1,157,2,3,98,1,1,1,80,1,97,33,73,1,294,1,1,368
"ERR2836865",65,68,25,23,2,67,14,1,86,1,3,43,51,1,179,1,1,1
"ERR2836866",18,5,2,9,23,1,1,1,3,1,3,3,2,1,24,38,1,1
"ERR2836867",76,15,2,21,2,1,53,1,34,1,46,68,2,12,63,1,1,1
"ERR2836868",67,27,100,27,28,1,1,1,30,1,19,22,10,19,187,100,6,10
"ERR2836869",1,25,2,8,46,1,1,1,40,15,53,21,2,1,157,13,1,1
"ERR2836870",1,25,307,96,72,1,1,1,94,48,204,41,122,1,109,65,1,1
"ERR2836871",48,2,74,3,14,1,1,1,10,1,15,20,9,1,43,1,1,1
"ERR2836872",1,18,2,289,23,1,4,1,144,11,3,58,10,1,69,320,1,1
"ERR2836873",1,2,2,31,23,1,1,1,23,1,3,10,2,1,82,1,56,7
"ERR2836874",16,44,2,29,204,1,1,1,62,1,108,120,2,58,338,1,1,1
"ERR2836875",1,5,2,3,2,1,1,1,3,1,7,3,19,1,7,1,6,1
"ERR2836876",1,6,4,5,2,15,53,1,67,1,33,3,2,1,110,1,1,1
"ERR2836877",76,10,2,69,6,1,1,1,17,1,11,3,123,1,17,75,1,1
"ERR2836878",61,58,2,83,124,153,1,1,91,216,209,3,2,1,284,1,1,1
"ERR2836879",1,69,2,3,2,1,5,1,3,45,3,23,2,1,247,1,1,1
"ERR2836880",1,2,2,3,2,1,1,1,7,1,3,3,2,1,11,1,1,1
"ERR2836881",1,28,2,5,2,1,1,1,36,1,3,9,63,1,122,141,1,1
"ERR2836882",1,2,2,3,2,1,1,1,39,22,3,12,2,1,45,1,1,1
"ERR2836883",1,2,2,54,77,1,55,1,3,48,3,187,8,1,17,1,15,1
"ERR2836884",106,26,137,3,172,45,1,1,56,14,112,48,27,11,288,154,1,1
"ERR2836885",1,58,146,11,6,8,37,1,19,18,25,3,2,1,146,1,1,1
"ERR2836886",1,2,2,3,2,1,1,1,3,1,3,3,2,1,7,1,1,1
"ERR2836887",1,12,2,54,2,100,1,1,13,16,3,20,102,10,93,1,1,1
"ERR2836888",111,23,294,3,41,1,1,1,159,25,210,72,2,1,183,1,1,1
"ERR2836889",21,10,52,13,10,1,1,1,13,1,12,3,2,1,40,1,1,1
"ERR2836890",1,7,25,3,75,1,1,1,25,24,49,45,54,1,62,26,1,1
"ERR2836891",20,2,2,3,9,1,9,1,3,1,3,3,2,1,41,24,1,1
"ERR2836892",1,12,2,21,68,1,1,21,195,65,327,51,83,1,209,152,1,32
"ERR2836893",18,2,2,3,2,1,1,1,33,10,63,37,2,1,30,1,1,1
"ERR2836894",96,6,2,3,25,1,1,1,35,1,26,57,21,1,90,1,1,1
"ERR2836895",85,71,2,10,64,1,1,1,36,33,24,3,29,1,235,1,1,1
"ERR2836896",1,2,2,3,2,1,1,1,9,1,11,3,2,1,57,37,1,1
"ERR2836897",82,4,2,33,2,12,1,1,28,1,3,3,71,1,129,1,1,1
"ERR2836899",29,2,145,3,7,1,1,1,20,1,19,3,45,1,66,1,1,1
"ERR2836900",80,34,2,43,22,1,1,1,116,21,68,82,2,8,147,284,1,1
"ERR2836901",70,10,2,70,2,1,1,1,3,65,71,46,16,4,82,1,1,1
"ERR2836902",1,70,2,184,2,127,1,1,96,43,332,57,43,35,341,1,1,35
"ERR2836903",1,18,2,13,2,14,1,1,3,1,3,3,2,1,71,1,1,1
"ERR2836904",1,2,2,3,40,1,1,1,3,1,3,12,2,1,177,1,1,1
"ERR2836905",1,36,2,3,2,1,1,1,59,36,3,29,68,1,112,1,192,1
"ERR2836906",39,36,2,117,23,1,1,1,3,1,52,51,2,1,207,1,1,1
"ERR2836907",1,8,158,21,24,1,1,1,19,30,3,3,59,1,115,1,1,1
"ERR2836908",113,31,2,93,59,1,1,1,131,1,509,61,2,15,105,265,1,1
"ERR2836909",54,17,2,9,48,73,1,1,26,1,25,3,17,1,110,1,1,1
"ERR2836910",168,110,2,44,106,1,1,1,204,29,152,105,42,1,250,275,1,1
"ERR2836911",1,2,2,3,2,1,1,1,47,1,79,3,2,53,65,1,1,1
"ERR2836912",24,2,2,3,2,1,1,1,8,1,10,3,15,1,10,1,1,1
"ERR2836913",79,2,2,15,11,1,1,1,3,1,20,3,2,1,27,1,1,1
"ERR2836914",1,8,2,21,18,36,17,1,16,20,31,3,18,5,104,1,28,1
"ERR2836915",20,2,50,3,2,1,1,1,3,4,13,3,2,1,19,1,1,1
"ERR2836916",1,2,110,31,43,1,1,1,167,20,346,23,26,1,150,196,1,70
"ERR2836917",1,14,2,56,6,1,1,1,13,1,3,3,2,1,55,51,14,1
"ERR2836918",10,5,9,21,9,1,14,1,5,1,7,19,17,7,146,88,1,1
"ERR2836919",1,4,9,7,2,1,1,28,15,1,26,33,17,1,27,129,1,1
"ERR2836920",1,8,33,3,2,1,1,6,15,1,50,3,23,1,134,29,1,11
"ERR2836921",1,2,11,3,2,1,1,21,3,1,3,3,2,1,11,8,1,1
"ERR2836922",1,2,84,3,22,1,1,1,21,1,7,3,23,1,66,1,1,3
"ERR2836923",1,2,23,3,12,1,1,1,13,1,17,3,20,1,52,77,1,1
"ERR2836924",1,2,2,3,2,1,1,1,3,1,10,3,2,1,40,34,1,1
"ERR2836925",1,2,2,3,2,1,1,1,3,1,7,3,11,1,50,16,1,1
"ERR2836926",318,2,63,47,102,1,1,1,246,67,30,107,2,1,148,1,1,1
"ERR2836927",1,2,117,3,2,1,1,72,3,1,49,3,2,1,22,172,1,4
"ERR2836928",1,26,2,3,2,1,1,1,104,32,45,3,2,1,296,97,1,1
"ERR2836929",1,2,2,3,23,1,1,1,265,1,305,51,2,16,302,285,1,265
"ERR2836930",1,2,2,11,7,1,147,54,77,1,125,28,120,44,243,44,1,165
"ERR2836931",1,2,108,25,29,1,1,1,355,11,360,35,78,55,132,496,1,94
"ERR2836932",54,2,900,8,2,1,1,1,478,1,470,83,115,76,225,907,1,217
"ERR2836933",1,38,113,58,2,1,1,1,82,1,144,76,71,31,160,284,1,137
"ERR2836934",1,48,203,46,34,1,1,1,269,50,532,97,9,1,388,453,1,1
"ERR2836935",1,12,14,20,2,1,1,1,21,1,3,3,2,1,114,16,1,1
"ERR2836936",1,12,2,3,17,1,1,1,36,38,206,42,2,1,116,104,1,1
"ERR2836937",165,45,2,16,309,1,1,1,222,1,282,47,2,56,172,636,1,1
"ERR2836938",1,2,2,3,58,1,1,16,49,1,123,29,164,9,54,55,1,9
"ERR2836939",1,60,95,3,78,1,1,1,147,10,267,45,174,65,430,338,1,809
"ERR2836940",1,2,2,15,6,1,1,196,302,1,80,31,2,1,160,1,85,1
"ERR2836941",62,2,70,28,2,1,1,1,248,1,152,3,32,1,92,651,1,1
"ERR2836942",89,2,2,111,276,118,33,1,145,1,234,59,17,1,122,1,1,1
"ERR2836943",1,2,5,3,2,1,1,1,18,1,3,17,156,1,179,52,1,1
"ERR2836944",1,4,2,39,2,1,1,54,19,1,110,3,83,16,109,196,1,1
"ERR2836945",1,2,2,33,468,1,125,1,179,28,123,94,350,91,388,505,25,1
"ERR2836946",89,5,2,58,64,1,1,89,240,1,107,27,48,1,195,1,1,129
"ERR2836947",1,2,401,27,5,1,1,1,376,10,183,3,46,1,55,1,204,1
"ERR2836948",1,62,2,11,2,1,1,55,123,32,95,31,54,1,391,49,1,12
"ERR2836949",1,2,2,31,2,1,1,1,118,38,207,41,96,1,139,7,1,1
"ERR2836950",77,2,2,24,2,1,29,223,296,45,3,89,58,1,288,495,1,183
"ERR2836951",20,14,163,3,2,1,1,63,30,1,51,3,44,1,114,153,1,1
"ERR2836952",1,45,2,44,72,1,1,73,43,10,105,11,116,1,385,43,1,1
"ERR2836953",1,12,74,26,218,1,1,1,100,1,127,42,2,1,229,213,1,518
"ERR2836954",1,43,104,3,10,1,1,83,91,176,199,3,191,1,149,249,1,287
"ERR2836955",1,48,2,28,88,1,1,469,110,65,103,107,5,1,251,431,1,205
"ERR2836956",1,55,115,3,48,1,55,29,177,1,250,72,429,29,494,323,1,998
"ERR2836957",1,22,84,3,9,1,1,11,40,1,57,40,2,1,139,53,1,51
"ERR2836958",56,2,28,3,17,1,1,29,3,14,3,3,2,1,58,1,1,1
"ERR2836959",1,2,2,54,60,1,1,184,41,1,62,3,28,1,35,1,1,1
"ERR2836960",21,2,124,3,8,1,1,41,15,10,18,3,7,1,21,1,1,1
"ERR2836961",1,68,121,3,9,1,28,1,3,1,71,25,53,1,437,21,1,32
"ERR2836962",1,17,42,24,2,1,1,1,14,1,44,3,2,1,154,21,1,1
"ERR2836963",1,12,88,15,12,1,1,1,20,1,38,3,41,15,104,57,1,1
"ERR2836964",1,2,30,3,2,1,1,1,6,1,17,3,2,1,97,46,1,1
"ERR2836965",6,2,24,11,2,1,1,1,9,7,7,8,2,1,16,52,1,1
"ERR2836966",1,2,8,15,2,1,1,1,16,1,11,3,49,1,40,41,1,1
"ERR2836967",35,6,2,3,4,1,1,1,15,5,3,3,51,1,144,75,1,1
"ERR2836968",1,4,40,6,2,1,1,1,15,1,3,28,21,14,197,74,1,1
"ERR2836969",2330,15,12080,208,52,1,1,2719,2559,27,6362,887,2169,15,1150,6445,1,21
"ERR2836970",1,7,67,3,19,1,1,1,24,1,40,39,2,12,93,63,1,1
"ERR2836971",1,2,2,3,2,1,1,1,3,1,3,3,23,1,38,1,1,1
"ERR2836972",1,2,2,10,29,1,1,1,7,1,25,3,2,1,104,35,1,3
"ERR2836973",1,9,2,3,701,1,1,1,3,1,3,3,17,1,132,1,1,1
"ERR2836974",1,2,2,3,9,1,1,1,16,1,30,3,2,1,51,26,1,8
"ERR2836975",1,2,2,8,9,1,1,5,11,1,36,3,39,1,41,58,1,1
"ERR2836976",170,134,2,60,2,1,248,235,160,31,154,115,2,1,144,1,1,31
"ERR2836977",1,7,2,27,7,1,1,44,148,10,137,62,2,8,345,141,1,109
"ERR2836978",82,10,2,12,30,1,1,1,3,15,3,3,19,1,57,100,1,1
"ERR2836979",48,19,2,3,46,1,1,57,35,10,49,3,2,1,130,157,1,36
"ERR2836980",40,16,87,31,36,1,1,141,166,40,405,44,2,14,186,649,1,1
"ERR2836981",120,2,2,3,8,1,1,1,233,13,98,38,60,1,22,196,1,1
"ERR2836982",140,34,389,23,61,1,1,102,100,9,162,3,2,1,266,288,1,132
"ERR2836983",15,5,28,3,9,1,1,11,178,1,105,24,2,1,105,87,1,28
"ERR2836984",1,40,69,3,104,1,1,230,53,18,200,67,38,1,98,146,1,296
"ERR2836985",68,5,10,28,53,1,1,1,67,1,80,24,2,1,84,51,1,1
"ERR2836986",1,20,2,48,2,1,1,1,3,1,3,3,2,1,7,1,1,1
"ERR2836987",1,12,137,3,10,1,1,37,28,49,55,3,64,1,76,111,1,1
"ERR2836988",1,14,2,3,26,1,1,228,78,1,173,3,2,11,157,294,1,1
"ERR2836989",1,2,38,3,2,1,1,1,40,1,3,3,2,1,124,7,1,1
"ERR2836990",1,46,2,6,157,17,1,391,245,1,241,60,25,1,214,229,1,161
"ERR2836991",1,22,2,17,36,1,1,1,267,13,437,78,2,1,38,860,1,1
"ERR2836992",1,6,43,3,2,1,1,1,3,1,39,3,2,1,20,157,1,1
"ERR2836993",1,30,87,46,47,1,1,1,149,29,263,75,110,1,322,194,1,1
"ERR2836994",24,2,84,3,38,1,1,90,10,1,71,40,6,1,50,125,1,1
"ERR2836995",145,7,2,33,2,1,1,93,48,15,3,15,73,1,21,1,1,1
"ERR2836996",37,32,2,3,36,1,1,42,34,1,97,29,22,1,182,192,1,45
"ERR2836997",1,60,41,79,201,1,1,390,104,1,24,54,19,27,342,274,1,216
"ERR2836998",73,22,110,36,10,1,1,151,225,1,214,37,2,1,118,408,6,45
"ERR2836999",1,2,47,10,43,1,82,377,180,1,114,52,28,1,205,109,1,1
"ERR2837000",1,2,2,3,2,1,1,1,3,1,3,3,2,1,7,1,1,1
"ERR2837001",1,2,2,3,2,1,1,1,3,1,3,3,2,1,7,1,1,1
"ERR2837002",1,2,2,3,2,1,1,1,3,1,3,3,2,1,7,1,1,1
"ERR2837003",50,309,34,33,47,1,1,1,126,10,420,18,2,1,520,91,1,151
"ERR2837004",1,2,2,3,2,1,1,1,3,1,3,5,2,1,10,1,1,1
"ERR2837005",1,74,2,26,42,1,1,1,3,1,95,10,6,1,161,62,1,124
"ERR2837006",1,49,77,3,148,1,1,63,54,1,52,19,2,1,167,1,1,1
"ERR2837007",82,27,2,150,22,22,1,1,41,38,219,84,2,1,199,1,1,1
"ERR2837008",1,2,2,3,2,1,1,1,3,1,3,3,2,1,7,1,1,1
"ERR2837009",1,2,2,153,2,154,1,1,103,8,16,47,30,29,105,1,30,1
"ERR2837010",1,2,2,3,2,1,1,1,3,1,3,3,2,1,7,1,1,1
"ERR2837011",1,2,56,8,50,1,1,1,177,4,474,81,2,1,244,324,1,583
